ChEMBL ID,Name,UniProt Accessions,Type,Organism,Compounds,Activities,Tax ID,Species Group Flag
CHEMBL5683,Serine/threonine-protein kinase DCLK1,O15075,SINGLE PROTEIN,Homo sapiens,907,986,9606,FALSE
CHEMBL3885627,Protein kinase C iota type/zeta type,P41743|Q05513,PROTEIN FAMILY,Homo sapiens,2,2,9606,FALSE
CHEMBL4296137,Cereblon/BCR/ABL,P00519|P11274|Q96SW2,PROTEIN-PROTEIN INTERACTION,Homo sapiens,65,126,9606,FALSE
CHEMBL5794,Serine/threonine-protein kinase Sgk2,Q9HBY8,SINGLE PROTEIN,Homo sapiens,1487,2067,9606,FALSE
CHEMBL3301390,JAK1/JAK2/TYK2,P23458|O60674|P29597,PROTEIN COMPLEX,Homo sapiens,37,45,9606,FALSE
CHEMBL2111389,CDK9/cyclin T1,O60563|P50750,PROTEIN COMPLEX,Homo sapiens,1872,2416,9606,FALSE
CHEMBL4802034,HEC1/NEK2,P51955|O14777,PROTEIN-PROTEIN INTERACTION,Homo sapiens,1,2,9606,FALSE
CHEMBL4523718,E3 ubiquitin-protein ligase Mdm2/CDK6,Q00987|Q00534,PROTEIN-PROTEIN INTERACTION,Homo sapiens,3,6,9606,FALSE
CHEMBL5650,BR serine/threonine-protein kinase 1,Q8TDC3,SINGLE PROTEIN,Homo sapiens,1482,2117,9606,FALSE
CHEMBL4523716,Protein cereblon/CDK6/G1/S-specific cyclin-D3,P30281|Q00534|Q96SW2,PROTEIN-PROTEIN INTERACTION,Homo sapiens,1,1,9606,FALSE
CHEMBL4106175,Serine/threonine-protein kinase Rac alpha/beta,P31751|P31749,PROTEIN FAMILY,Homo sapiens,1,1,9606,FALSE
CHEMBL4722,Serine/threonine-protein kinase Aurora-A,O14965,SINGLE PROTEIN,Homo sapiens,7251,9435,9606,FALSE
CHEMBL4296661,mTORC1,P42345|Q8N122|Q9BVC4,PROTEIN COMPLEX,Homo sapiens,174,218,9606,FALSE
CHEMBL2971,Tyrosine-protein kinase JAK2,O60674,SINGLE PROTEIN,Homo sapiens,9801,12476,9606,FALSE
CHEMBL5838,Receptor tyrosine-protein kinase erbB-3,P21860,SINGLE PROTEIN,Homo sapiens,283,294,9606,FALSE
CHEMBL4748221,VHL/Insulin-like growth factor 1 receptor,P08069|P40337,PROTEIN-PROTEIN INTERACTION,Homo sapiens,1,1,9606,FALSE
CHEMBL1163127,Mitogen-activated protein kinase kinase kinase 15,Q6ZN16,SINGLE PROTEIN,Homo sapiens,225,236,9606,FALSE
CHEMBL2111409,Vascular endothelial growth factor receptor 2 and 3 (KDR and Flt-4),P35916|P35968,SELECTIVITY GROUP,Homo sapiens,23,23,9606,FALSE
CHEMBL3883317,B-raf/RAF proto-oncogene serine/threonine-protein kinase,P04049|P15056,PROTEIN FAMILY,Homo sapiens,6,20,9606,FALSE
CHEMBL1075155,Serine/threonine-protein kinase 38,Q15208,SINGLE PROTEIN,Homo sapiens,458,497,9606,FALSE
CHEMBL4523998,VHL/EGFR,P00533|P40337,PROTEIN-PROTEIN INTERACTION,Homo sapiens,34,157,9606,FALSE
CHEMBL3384,Protein kinase N1,Q16512,SINGLE PROTEIN,Homo sapiens,615,757,9606,FALSE
CHEMBL4282,Serine/threonine-protein kinase AKT,P31749,SINGLE PROTEIN,Homo sapiens,6625,9005,9606,FALSE
CHEMBL5464,Receptor-interacting serine/threonine-protein kinase 1,Q13546,SINGLE PROTEIN,Homo sapiens,705,1340,9606,FALSE
CHEMBL2468,Death-associated protein kinase 3,O43293,SINGLE PROTEIN,Homo sapiens,1579,2064,9606,FALSE
CHEMBL5491,Serine/threonine-protein kinase WEE1,P30291,SINGLE PROTEIN,Homo sapiens,1021,1575,9606,FALSE
CHEMBL4523999,mTORC2,P42345|Q6R327|Q9BVC4|Q9BPZ7,PROTEIN COMPLEX,Homo sapiens,91,92,9606,FALSE
CHEMBL4523630,CDC7/Cyclin B1,P14635|O00311,PROTEIN COMPLEX,Homo sapiens,8,8,9606,FALSE
CHEMBL4523727,VHL/Tyrosine-protein kinase Lck,P06239|P40337,PROTEIN-PROTEIN INTERACTION,Homo sapiens,1,1,9606,FALSE
CHEMBL3430907,Aurora kinase B/Inner centromere protein,Q96GD4|Q9NQS7,PROTEIN COMPLEX,Homo sapiens,214,233,9606,FALSE
CHEMBL6003,Testis-specific serine/threonine-protein kinase 1,Q9BXA7,SINGLE PROTEIN,Homo sapiens,1397,2034,9606,FALSE
CHEMBL2068,Ephrin type-A receptor 2,P29317,SINGLE PROTEIN,Homo sapiens,2527,3396,9606,FALSE
CHEMBL4522,BMP-2-inducible protein kinase,Q9NSY1,SINGLE PROTEIN,Homo sapiens,515,662,9606,FALSE
CHEMBL2938,Protein kinase C gamma,P05129,SINGLE PROTEIN,Homo sapiens,1746,2455,9606,FALSE
CHEMBL2417353,Serine/threonine-protein kinase Nek8,Q86SG6,SINGLE PROTEIN,Homo sapiens,35,44,9606,FALSE
CHEMBL5907,Serine/threonine-protein kinase LATS2,Q9NRM7,SINGLE PROTEIN,Homo sapiens,506,554,9606,FALSE
CHEMBL299,Protein kinase C alpha,P17252,SINGLE PROTEIN,Homo sapiens,3900,5875,9606,FALSE
CHEMBL5426,Myosin light chain kinase family member 4,Q86YV6,SINGLE PROTEIN,Homo sapiens,263,312,9606,FALSE
CHEMBL2835,Tyrosine-protein kinase JAK1,P23458,SINGLE PROTEIN,Homo sapiens,6610,8267,9606,FALSE
CHEMBL3629,Casein kinase II alpha,P68400,SINGLE PROTEIN,Homo sapiens,2443,3373,9606,FALSE
CHEMBL4680052,Cereblon/Focal adhesion kinase 1,Q05397|Q96SW2,PROTEIN-PROTEIN INTERACTION,Homo sapiens,27,87,9606,FALSE
CHEMBL4742326,Cereblon/IRAK3,Q9Y616|Q96SW2,PROTEIN-PROTEIN INTERACTION,Homo sapiens,11,34,9606,FALSE
CHEMBL3045,Protein kinase C beta,P05771,SINGLE PROTEIN,Homo sapiens,1843,4028,9606,FALSE
CHEMBL5455,Tyrosine-protein kinase FES,P07332,SINGLE PROTEIN,Homo sapiens,1589,2299,9606,FALSE
CHEMBL1795195,Serine/threonine-protein kinase SMG1,Q96Q15,SINGLE PROTEIN,Homo sapiens,47,61,9606,FALSE
CHEMBL2096665,Pyruvate dehydrogenase kinase,Q15119|Q15120|Q16654|Q15118,PROTEIN FAMILY,Homo sapiens,451,521,9606,FALSE
CHEMBL3987,Ephrin type-A receptor 5,P54756,SINGLE PROTEIN,Homo sapiens,695,1016,9606,FALSE
CHEMBL5818,Serine/threonine-protein kinase PRKX,P51817,SINGLE PROTEIN,Homo sapiens,1609,2274,9606,FALSE
CHEMBL3885549,Cyclin-T1/Cyclin-dependent-like kinase 5,Q00535|O60563,PROTEIN COMPLEX,Homo sapiens,5,5,9606,FALSE
CHEMBL5903,Activin receptor type-1,Q04771,SINGLE PROTEIN,Homo sapiens,1061,1387,9606,FALSE
CHEMBL2599,Tyrosine-protein kinase SYK,P43405,SINGLE PROTEIN,Homo sapiens,5577,7303,9606,FALSE
CHEMBL2095189,Platelet-derived growth factor receptor,P09619|P16234,PROTEIN COMPLEX,Homo sapiens,476,507,9606,FALSE
CHEMBL4106184,CDK4/CDK9,P11802|P50750,PROTEIN FAMILY,Homo sapiens,1,6,9606,FALSE
CHEMBL4106136,DNA-PK/Ku70/Ku85,P78527|P12956|P13010,PROTEIN COMPLEX,Homo sapiens,23,23,9606,FALSE
CHEMBL2872,Mitogen-activated protein kinase kinase kinase 9,P80192,SINGLE PROTEIN,Homo sapiens,668,940,9606,FALSE
CHEMBL3414416,Testis-specific serine/threonine-protein kinase 3,Q96PN8,SINGLE PROTEIN,Homo sapiens,158,165,9606,FALSE
CHEMBL4079,G-protein coupled receptor kinase 2,P25098,SINGLE PROTEIN,Homo sapiens,918,1013,9606,FALSE
CHEMBL2598,Protein kinase C iota,P41743,SINGLE PROTEIN,Homo sapiens,2142,2820,9606,FALSE
CHEMBL5627,Leukocyte tyrosine kinase receptor,P29376,SINGLE PROTEIN,Homo sapiens,1049,1530,9606,FALSE
CHEMBL5014,Serine/threonine-protein kinase RIPK2,O43353,SINGLE PROTEIN,Homo sapiens,1016,1477,9606,FALSE
CHEMBL5256,CaM-kinase kinase alpha,Q8N5S9,SINGLE PROTEIN,Homo sapiens,384,485,9606,FALSE
CHEMBL4523750,Protein cereblon/Tyrosine-protein kinase ABL1,P00519|Q96SW2,PROTEIN-PROTEIN INTERACTION,Homo sapiens,4,15,9606,FALSE
CHEMBL3559685,RAF serine/threonine protein kinase,P04049|P15056|P10398,PROTEIN FAMILY,Homo sapiens,2,2,9606,FALSE
CHEMBL3553,Tyrosine-protein kinase TYK2,P29597,SINGLE PROTEIN,Homo sapiens,3495,4713,9606,FALSE
CHEMBL2208,MAP kinase-activated protein kinase 2,P49137,SINGLE PROTEIN,Homo sapiens,3509,4753,9606,FALSE
CHEMBL3885535,Calmodulin/Proto-oncogene tyrosine-protein kinase Src,P12931|P0DP23,PROTEIN-PROTEIN INTERACTION,Homo sapiens,2,2,9606,FALSE
CHEMBL4296166,Cereblon/EML4/ALK,Q9UM73|Q9HC35|Q96SW2,PROTEIN-PROTEIN INTERACTION,Homo sapiens,7,35,9606,FALSE
CHEMBL4598,Serine/threonine-protein kinase MST1,Q13043,SINGLE PROTEIN,Homo sapiens,1495,2511,9606,FALSE
CHEMBL2363062,Janus Kinase (JAK),P52333|P23458|O60674|P29597,PROTEIN FAMILY,Homo sapiens,131,163,9606,FALSE
CHEMBL4602,Ephrin type-A receptor 7,Q15375,SINGLE PROTEIN,Homo sapiens,658,963,9606,FALSE
CHEMBL5784,NUAK family SNF1-like kinase 1,O60285,SINGLE PROTEIN,Homo sapiens,1097,1719,9606,FALSE
CHEMBL2250,Tyrosine-protein kinase BLK,P51451,SINGLE PROTEIN,Homo sapiens,1693,2413,9606,FALSE
CHEMBL6030,Eukaryotic translation initiation factor 2-alpha kinase 3,Q9NZJ5,SINGLE PROTEIN,Homo sapiens,362,627,9606,FALSE
CHEMBL4851,Serine/threonine-protein kinase 38-like,Q9Y2H1,SINGLE PROTEIN,Homo sapiens,385,478,9606,FALSE
CHEMBL5684,"Muscle, skeletal receptor tyrosine protein kinase",O15146,SINGLE PROTEIN,Homo sapiens,889,1502,9606,FALSE
CHEMBL1163117,Cyclin-dependent kinase-like 3,Q8IVW4,SINGLE PROTEIN,Homo sapiens,231,242,9606,FALSE
CHEMBL4924,Ribosomal protein S6 kinase alpha 6,Q9UK32,SINGLE PROTEIN,Homo sapiens,1076,2017,9606,FALSE
CHEMBL4070,Casein kinase II alpha (prime),P19784,SINGLE PROTEIN,Homo sapiens,1020,1486,9606,FALSE
CHEMBL4523616,RPS6KA1/RPS6KA2/RPS6KA3,P51812|Q15349|Q15418,PROTEIN FAMILY,Homo sapiens,2,8,9606,FALSE
CHEMBL3980,Serine/threonine-protein kinase 17B,O94768,SINGLE PROTEIN,Homo sapiens,483,707,9606,FALSE
CHEMBL3559682,Serine/threonine-protein kinase PIM,P11309|Q9P1W9|Q86V86,PROTEIN FAMILY,Homo sapiens,101,115,9606,FALSE
CHEMBL5072,Ephrin type-B receptor 1,P54762,SINGLE PROTEIN,Homo sapiens,533,805,9606,FALSE
CHEMBL3301389,Focal adhesion kinase 1/vascular endothelial growth factor receptor 3,P35916|Q05397,PROTEIN-PROTEIN INTERACTION,Homo sapiens,2,10,9606,FALSE
CHEMBL5073,CaM kinase I delta,Q8IU85,SINGLE PROTEIN,Homo sapiens,1318,2103,9606,FALSE
CHEMBL1795196,Serine/threonine-protein kinase WNK4,Q96J92,SINGLE PROTEIN,Homo sapiens,149,151,9606,FALSE
CHEMBL4816,Serine/threonine-protein kinase AKT3,Q9Y243,SINGLE PROTEIN,Homo sapiens,2176,3005,9606,FALSE
CHEMBL4599,Tyrosine kinase non-receptor protein 2,Q07912,SINGLE PROTEIN,Homo sapiens,1914,2810,9606,FALSE
CHEMBL4225,Dual specificity protein kinase CLK2,P49760,SINGLE PROTEIN,Homo sapiens,2883,3773,9606,FALSE
CHEMBL2543,Casein kinase I gamma 2,P78368,SINGLE PROTEIN,Homo sapiens,1731,2538,9606,FALSE
CHEMBL5615,Serine/threonine-protein kinase MRCK gamma,Q6DT37,SINGLE PROTEIN,Homo sapiens,416,512,9606,FALSE
CHEMBL2096618,Bcr/Abl fusion protein,P00519|P11274,CHIMERIC PROTEIN,Homo sapiens,962,1543,9606,FALSE
CHEMBL3038455,AMPK alpha2/beta1/gamma1,P54646|P54619|Q9Y478,PROTEIN COMPLEX,Homo sapiens,138,209,9606,FALSE
CHEMBL3038456,AMPK alpha2/beta2/gamma1,P54646|O43741|P54619,PROTEIN COMPLEX,Homo sapiens,32,53,9606,FALSE
CHEMBL3038467,CDK1/Cyclin A,P06493|P20248,PROTEIN COMPLEX,Homo sapiens,97,105,9606,FALSE
CHEMBL2111328,Inhibitor of NF-kappa-B kinase (IKK),O14920|O15111|Q9Y6K9,PROTEIN COMPLEX,Homo sapiens,35,78,9606,FALSE
CHEMBL6123,Serine/threonine-protein kinase DCLK3,Q9C098,SINGLE PROTEIN,Homo sapiens,249,295,9606,FALSE
CHEMBL3883293,MAP kinase-interacting serine/threonine-protein kinase 1/2,Q9HBH9|Q9BUB5,PROTEIN FAMILY,Homo sapiens,81,103,9606,FALSE
CHEMBL2111353,Serine/threonine-protein kinase AKT,P31751|Q9Y243|P31749,PROTEIN FAMILY,Homo sapiens,113,185,9606,FALSE
CHEMBL5408,Serine/threonine-protein kinase TBK1,Q9UHD2,SINGLE PROTEIN,Homo sapiens,2095,3730,9606,FALSE
CHEMBL6186,Serine/threonine-protein kinase Sgk3,Q96BR1,SINGLE PROTEIN,Homo sapiens,861,1427,9606,FALSE
CHEMBL4901,Ephrin type-B receptor 3,P54753,SINGLE PROTEIN,Homo sapiens,1145,1837,9606,FALSE
CHEMBL2558,Death-associated protein kinase 1,P53355,SINGLE PROTEIN,Homo sapiens,980,1621,9606,FALSE
CHEMBL1075173,Serine/threonine-protein kinase WNK1,Q9H4A3,SINGLE PROTEIN,Homo sapiens,216,239,9606,FALSE
CHEMBL5668,Serine/threonine-protein kinase SRPK2,P78362,SINGLE PROTEIN,Homo sapiens,479,710,9606,FALSE
CHEMBL2689,Macrophage-stimulating protein receptor,Q04912,SINGLE PROTEIN,Homo sapiens,1568,2322,9606,FALSE
CHEMBL4523743,VHL/ALK,Q9UM73|P40337,PROTEIN-PROTEIN INTERACTION,Homo sapiens,8,13,9606,FALSE
CHEMBL5314,Tyrosine-protein kinase receptor TYRO3,Q06418,SINGLE PROTEIN,Homo sapiens,2129,2893,9606,FALSE
CHEMBL5679,Serine/threonine-protein kinase Nek3,P51956,SINGLE PROTEIN,Homo sapiens,601,842,9606,FALSE
CHEMBL4226,Dual specificity protein kinase CLK3,P49761,SINGLE PROTEIN,Homo sapiens,1818,2581,9606,FALSE
CHEMBL3885602,Mitogen-activated protein kinase 10/Receptor-interacting serine/threonine-protein kinase 1,P53779|Q13546,PROTEIN FAMILY,Homo sapiens,32,33,9606,FALSE
CHEMBL3885556,Cyclin-dependent kinase 8/19,P49336|Q9BWU1,PROTEIN FAMILY,Homo sapiens,71,99,9606,FALSE
CHEMBL1772932,Mitotic checkpoint serine/threonine-protein kinase BUB1,O43683,SINGLE PROTEIN,Homo sapiens,373,383,9606,FALSE
CHEMBL4106163,AMP-activated protein kinase alpha-1/beta-2/gamma-2,O43741|Q9UGJ0|Q13131,PROTEIN COMPLEX,Homo sapiens,2,3,9606,FALSE
CHEMBL3883304,Aurora kinase A/Targeting protein for Xklp2,O14965|Q9ULW0,PROTEIN COMPLEX,Homo sapiens,23,24,9606,FALSE
CHEMBL4630724,p90RSK,P51812|Q15349|Q9UK32|Q15418,PROTEIN FAMILY,Homo sapiens,,,9606,FALSE
CHEMBL4101,cAMP-dependent protein kinase alpha-catalytic subunit,P17612,SINGLE PROTEIN,Homo sapiens,2504,3397,9606,FALSE
CHEMBL2111428,VEGF-receptor 2 and stem cell growth factor receptor (KDR and KIT),P10721|P35968,SELECTIVITY GROUP,Homo sapiens,10,10,9606,FALSE
CHEMBL4523723,E3 ubiquitin-protein ligase XIAP/IRAK4,Q9NWZ3|P98170,PROTEIN-PROTEIN INTERACTION,Homo sapiens,2,2,9606,FALSE
CHEMBL3055,Cyclin-dependent kinase 7,P50613,SINGLE PROTEIN,Homo sapiens,1157,1414,9606,FALSE
CHEMBL3885552,Cyclin-dependent kinase 2/G1/S-specific cyclin-D1,P24385|P24941,PROTEIN COMPLEX,Homo sapiens,2,2,9606,FALSE
CHEMBL203,Epidermal growth factor receptor erbB1,P00533,SINGLE PROTEIN,Homo sapiens,13914,31414,9606,FALSE
CHEMBL4106179,Ribosomal protein S6 kinase alpha-1/alpha-3,P51812|Q15418,PROTEIN FAMILY,Homo sapiens,1,1,9606,FALSE
CHEMBL4106162,AMP-activated protein kinase alpha-1/beta-2/gamma-3,O43741|Q13131|Q9UGI9,PROTEIN COMPLEX,Homo sapiens,12,13,9606,FALSE
CHEMBL4523696,Protein cereblon/Cyclin-dependent kinase 7,P50613|Q96SW2,PROTEIN-PROTEIN INTERACTION,Homo sapiens,6,8,9606,FALSE
CHEMBL3559684,Neurotrophic tyrosine kinase receptor,P04629|Q16620|Q16288,PROTEIN FAMILY,Homo sapiens,,,9606,FALSE
CHEMBL4523636,CDK17/Cyclin-A2,P20248|Q00537,PROTEIN COMPLEX,Homo sapiens,1,1,9606,FALSE
CHEMBL4523622,NTRK1/NTRK2,P04629|Q16620,PROTEIN FAMILY,Homo sapiens,5,5,9606,FALSE
CHEMBL4804255,FGFR4-KLB,P22455|Q86Z14,PROTEIN COMPLEX,Homo sapiens,,,9606,FALSE
CHEMBL4742268,Cereblon/NTRK1,P04629|Q96SW2,PROTEIN-PROTEIN INTERACTION,Homo sapiens,4,4,9606,FALSE
CHEMBL2708,Mitogen-activated protein kinase kinase kinase 11,Q16584,SINGLE PROTEIN,Homo sapiens,645,804,9606,FALSE
CHEMBL1795165,Hormonally up-regulated neu tumor-associated kinase,P57058,SINGLE PROTEIN,Homo sapiens,219,226,9606,FALSE
CHEMBL3893,Pyruvate dehydrogenase kinase isoform 3,Q15120,SINGLE PROTEIN,Homo sapiens,48,60,9606,FALSE
CHEMBL3038477,Casein kinase II alpha/beta,P67870|P68400,PROTEIN COMPLEX,Homo sapiens,1362,1504,9606,FALSE
CHEMBL2111375,Vascular endothelial growth factor receptor 2 and tyrosine-protein kinase TIE-2 (KDR and TIE2),P35968|Q02763,SELECTIVITY GROUP,Homo sapiens,14,14,9606,FALSE
CHEMBL4597,Serine/threonine-protein kinase PCTAIRE-1,Q00536,SINGLE PROTEIN,Homo sapiens,640,786,9606,FALSE
CHEMBL5701,Serine/threonine-protein kinase TAO3,Q9H2K8,SINGLE PROTEIN,Homo sapiens,747,993,9606,FALSE
CHEMBL3883331,Tropomyosin alpha-3 chain/High affinity nerve growth factor receptor,P04629|P06753,CHIMERIC PROTEIN,Homo sapiens,2,7,9606,FALSE
CHEMBL2363043,Ephrin receptor,P29317|P29323|P54756|P54764|P29322|Q9UF33|Q15375|P54753|P29320|P54762|P54760|P21709|O15197|Q5JZY3,PROTEIN FAMILY,Homo sapiens,,,9606,FALSE
CHEMBL5975,Serine/threonine-protein kinase RIO1,Q9BRS2,SINGLE PROTEIN,Homo sapiens,246,292,9606,FALSE
CHEMBL4523737,VHL/Ephrin type-B receptor 4,P54760|P40337,PROTEIN-PROTEIN INTERACTION,Homo sapiens,1,1,9606,FALSE
CHEMBL4630750,E3 ubiquitin-protein ligase XIAP/JAK2,O60674|P98170,PROTEIN-PROTEIN INTERACTION,Homo sapiens,8,14,9606,FALSE
CHEMBL6005,Serine/threonine-protein kinase 33,Q9BYT3,SINGLE PROTEIN,Homo sapiens,526,762,9606,FALSE
CHEMBL5404,Serine/threonine-protein kinase tousled-like 2,Q86UE8,SINGLE PROTEIN,Homo sapiens,469,693,9606,FALSE
CHEMBL3627581,Serine/threonine-protein kinase N3,Q6P5Z2,SINGLE PROTEIN,Homo sapiens,161,163,9606,FALSE
CHEMBL4742292,Cereblon/Epithelial discoidin domain-containing receptor 1,Q08345|Q96SW2,PROTEIN-PROTEIN INTERACTION,Homo sapiens,1,1,9606,FALSE
CHEMBL4523735,VHL/FLT3,P36888|P40337,PROTEIN-PROTEIN INTERACTION,Homo sapiens,2,3,9606,FALSE
CHEMBL4106159,AMP-activated protein kinase alpha-2/beta-1/gamma-3,P54646|Q9Y478|Q9UGI9,PROTEIN COMPLEX,Homo sapiens,12,13,9606,FALSE
CHEMBL3778,Interleukin-1 receptor-associated kinase 4,Q9NWZ3,SINGLE PROTEIN,Homo sapiens,4359,5682,9606,FALSE
CHEMBL1163126,Serine/threonine-protein kinase ICK,Q9UPZ9,SINGLE PROTEIN,Homo sapiens,426,483,9606,FALSE
CHEMBL1908389,Mitogen-activated protein kinase kinase kinase 12,Q12852,SINGLE PROTEIN,Homo sapiens,865,1029,9606,FALSE
CHEMBL5520,Casein kinase I isoform alpha-like,Q8N752,SINGLE PROTEIN,Homo sapiens,252,289,9606,FALSE
CHEMBL5095,Wee1-like protein kinase 2,P0C1S8,SINGLE PROTEIN,Homo sapiens,237,258,9606,FALSE
CHEMBL2111439,VEGF-receptor 2 and Fibroblast growth factor receptor 1,P35968|P11362,PROTEIN FAMILY,Homo sapiens,50,50,9606,FALSE
CHEMBL3038502,JNK2/JNK3,P53779|P45984,PROTEIN FAMILY,Homo sapiens,1,1,9606,FALSE
CHEMBL4674,MAP kinase p38 gamma,P53778,SINGLE PROTEIN,Homo sapiens,1978,2764,9606,FALSE
CHEMBL4802035,JAK2/JAK3,P52333|O60674,PROTEIN FAMILY,Homo sapiens,1,4,9606,FALSE
CHEMBL4141,Pyruvate dehydrogenase kinase isoform 4,Q16654,SINGLE PROTEIN,Homo sapiens,140,177,9606,FALSE
CHEMBL2270,cAMP-dependent protein kinase type II-beta regulatory subunit,P31323,SINGLE PROTEIN,Homo sapiens,13,13,9606,FALSE
CHEMBL4928,cAMP-dependent protein kinase type I-alpha regulatory subunit,P10644,SINGLE PROTEIN,Homo sapiens,18,18,9606,FALSE
CHEMBL4296126,Cereblon/Cyclin-dependent kinase 19,Q9BWU1|Q96SW2,PROTEIN-PROTEIN INTERACTION,Homo sapiens,1,1,9606,FALSE
CHEMBL5941,Serine/threonine-protein kinase MST4,Q9P289,SINGLE PROTEIN,Homo sapiens,1178,1857,9606,FALSE
CHEMBL4630730,Protein cereblon/Tyrosine-protein kinase receptor FLT3,P36888|Q96SW2,PROTEIN-PROTEIN INTERACTION,Homo sapiens,1,1,9606,FALSE
CHEMBL4106176,Dual specificity protein kinase CLK1/CLK4,Q9HAZ1|P49759,PROTEIN FAMILY,Homo sapiens,2,38,9606,FALSE
CHEMBL4523633,CDK2/Cyclin-E2,P24941|O96020,PROTEIN COMPLEX,Homo sapiens,3,3,9606,FALSE
CHEMBL4203,Dual specificity protein kinase CLK4,Q9HAZ1,SINGLE PROTEIN,Homo sapiens,2523,3946,9606,FALSE
CHEMBL5146,Breakpoint cluster region protein,P11274,SINGLE PROTEIN,Homo sapiens,265,265,9606,FALSE
CHEMBL2109,Dual specificity mitogen-activated protein kinase kinase 3,P46734,SINGLE PROTEIN,Homo sapiens,502,621,9606,FALSE
CHEMBL3430904,Coiled-coil domain-containing protein 6/Tyrosine-protein kinase receptor RET,P07949|Q16204,CHIMERIC PROTEIN,Homo sapiens,58,78,9606,FALSE
CHEMBL4106189,BRAF/CRAF,P04049|P15056,PROTEIN COMPLEX,Homo sapiens,2,2,9606,FALSE
CHEMBL2111288,Cyclin-dependent kinase 7/ cyclin H,P51946|P50613,PROTEIN COMPLEX,Homo sapiens,497,707,9606,FALSE
CHEMBL5247,Serine/threonine-protein kinase ILK-1,Q13418,SINGLE PROTEIN,Homo sapiens,433,603,9606,FALSE
CHEMBL4888459,STE20-like serine/threonine-protein kinase/Serine/threonine-protein kinase 10,O94804|Q9H2G2,PROTEIN FAMILY,Homo sapiens,1,2,9606,FALSE
CHEMBL4900,Serine/threonine-protein kinase D2,Q9BZL6,SINGLE PROTEIN,Homo sapiens,2049,2808,9606,FALSE
CHEMBL4442,Cyclin-dependent kinase 3,Q00526,SINGLE PROTEIN,Homo sapiens,455,555,9606,FALSE
CHEMBL4296113,PAK 1/CDC42,Q13153|P60953,PROTEIN COMPLEX,Homo sapiens,2,2,9606,FALSE
CHEMBL5861,G protein-coupled receptor kinase 4,P32298,SINGLE PROTEIN,Homo sapiens,277,299,9606,FALSE
CHEMBL4312,Serine/threonine-protein kinase 36,Q9NRP7,SINGLE PROTEIN,Homo sapiens,234,297,9606,FALSE
CHEMBL4708,Serine/threonine-protein kinase MST2,Q13188,SINGLE PROTEIN,Homo sapiens,2132,3002,9606,FALSE
CHEMBL3125,Ribosomal protein S6 kinase alpha 4,O75676,SINGLE PROTEIN,Homo sapiens,1123,2091,9606,FALSE
CHEMBL4523729,VHL/PDGFRB,P09619|P40337,PROTEIN-PROTEIN INTERACTION,Homo sapiens,1,1,9606,FALSE
CHEMBL3885637,Serine/threonine-protein kinase PAK 1/PAK 2/PAK 3,O75914|Q13177|Q13153,PROTEIN FAMILY,Homo sapiens,13,13,9606,FALSE
CHEMBL3357,Interleukin-1 receptor-associated kinase 1,P51617,SINGLE PROTEIN,Homo sapiens,1405,1738,9606,FALSE
CHEMBL1163106,Serine/threonine-protein kinase MAK,P20794,SINGLE PROTEIN,Homo sapiens,238,250,9606,FALSE
CHEMBL4106141,Aurora-C/INCENP,Q9UQB9|Q9NQS7,PROTEIN COMPLEX,Homo sapiens,5,6,9606,FALSE
CHEMBL5546,Myosin IIIA,Q8NEV4,SINGLE PROTEIN,Homo sapiens,235,277,9606,FALSE
CHEMBL4523602,Centrosomal protein 43/RET,P07949|O95684,CHIMERIC PROTEIN,Homo sapiens,1,2,9606,FALSE
CHEMBL1926492,Tau-tubulin kinase 1,Q5TCY1,SINGLE PROTEIN,Homo sapiens,44,49,9606,FALSE
CHEMBL2417355,Microtubule-associated serine/threonine-protein kinase 2,Q6P0Q8,SINGLE PROTEIN,Homo sapiens,4,7,9606,FALSE
CHEMBL3885534,LKB1-STRAD-MO25 complex,Q15831|Q7RTN6|Q9Y376,PROTEIN COMPLEX,Homo sapiens,2,2,9606,FALSE
CHEMBL5659,Serine/threonine-protein kinase RIO3,O14730,SINGLE PROTEIN,Homo sapiens,242,312,9606,FALSE
CHEMBL4523963,CDK4/CDK1,P06493|P11802,SELECTIVITY GROUP,Homo sapiens,29,29,9606,FALSE
CHEMBL4524130,NEK kinase,P51955|Q9HC98|Q8TDX7|Q6P3R8|Q8TD19|Q8NG66|P51956|P51957|Q96PY6|Q86SG6|Q6ZWH5,PROTEIN FAMILY,Homo sapiens,1,1,9606,FALSE
CHEMBL3885554,Cyclin-dependent kinase 4/G1/S-specific cyclin-E1,P11802|P24864,PROTEIN COMPLEX,Homo sapiens,31,32,9606,FALSE
CHEMBL4802031,Baculoviral IAP repeat-containing protein 2/Epidermal growth factor receptor,P00533|Q13490,PROTEIN-PROTEIN INTERACTION,Homo sapiens,1,1,9606,FALSE
CHEMBL4742279,Cereblon/IRAK1,P51617|Q96SW2,PROTEIN-PROTEIN INTERACTION,Homo sapiens,1,1,9606,FALSE
CHEMBL4937,Casein kinase I epsilon,P49674,SINGLE PROTEIN,Homo sapiens,1095,1284,9606,FALSE
CHEMBL3438,Protein kinase C zeta,Q05513,SINGLE PROTEIN,Homo sapiens,1732,2395,9606,FALSE
CHEMBL5698,NUAK family SNF1-like kinase 2,Q9H093,SINGLE PROTEIN,Homo sapiens,504,616,9606,FALSE
CHEMBL3832943,Casein kinase 2,P67870|P68400|P19784|Q8NEV1,PROTEIN FAMILY,Homo sapiens,180,232,9606,FALSE
CHEMBL4523748,AKT1/PPP1CA,P62136|P31749,PROTEIN-PROTEIN INTERACTION,Homo sapiens,7,30,9606,FALSE
CHEMBL1974,Tyrosine-protein kinase receptor FLT3,P36888,SINGLE PROTEIN,Homo sapiens,6545,12859,9606,FALSE
CHEMBL1293199,Serine/threonine-protein kinase VRK1,Q99986,SINGLE PROTEIN,Homo sapiens,208,223,9606,FALSE
CHEMBL3038473,CDK7/Cyclin H/MNAT1,P51946|P50613|P51948,PROTEIN COMPLEX,Homo sapiens,614,678,9606,FALSE
CHEMBL3559703,PI3-kinase class I,P27986|P42338|P48736|P42336|O00459|O00329|Q8WYR1|Q92569,PROTEIN COMPLEX GROUP,Homo sapiens,430,432,9606,FALSE
CHEMBL1955,Vascular endothelial growth factor receptor 3,P35916,SINGLE PROTEIN,Homo sapiens,2250,3167,9606,FALSE
CHEMBL5856,Serine/threonine-protein kinase PFTAIRE-2,Q96Q40,SINGLE PROTEIN,Homo sapiens,218,225,9606,FALSE
CHEMBL2777,myosin light chain kinase 2,Q9H1R3,SINGLE PROTEIN,Homo sapiens,327,412,9606,FALSE
CHEMBL2111345,AMP-activated protein kinase (AMPK) alpha-1/beta-1/gamma-1,P54619|Q9Y478|Q13131,PROTEIN COMPLEX,Homo sapiens,318,616,9606,FALSE
CHEMBL2111434,VEGF-receptor 2 and Fibroblast growth factor receptor 2,P35968|P21802,SELECTIVITY GROUP,Homo sapiens,15,15,9606,FALSE
CHEMBL4748228,VHL/IRAK1,P51617|P40337,PROTEIN-PROTEIN INTERACTION,Homo sapiens,10,29,9606,FALSE
CHEMBL3137284,MER intracellular domain/EGFR extracellular domain chimera,P00533|Q12866,CHIMERIC PROTEIN,Homo sapiens,2,2,9606,FALSE
CHEMBL4967,NF-kappa-B essential modulator,Q9Y6K9,SINGLE PROTEIN,Homo sapiens,2,2,9606,FALSE
CHEMBL3861,Pyruvate dehydrogenase kinase isoform 2,Q15119,SINGLE PROTEIN,Homo sapiens,817,894,9606,FALSE
CHEMBL3123,Death-associated protein kinase 2,Q9UIK4,SINGLE PROTEIN,Homo sapiens,487,735,9606,FALSE
CHEMBL5320,Myotonin-protein kinase,Q09013,SINGLE PROTEIN,Homo sapiens,592,888,9606,FALSE
CHEMBL3831,MAP/microtubule affinity-regulating kinase 2,Q7KZI7,SINGLE PROTEIN,Homo sapiens,1760,2517,9606,FALSE
CHEMBL4895,Tyrosine-protein kinase receptor UFO,P30530,SINGLE PROTEIN,Homo sapiens,2375,3329,9606,FALSE
CHEMBL4106158,AMP-activated protein kinase alpha-2/beta-2/gamma-2,P54646|O43741|Q9UGJ0,PROTEIN COMPLEX,Homo sapiens,12,13,9606,FALSE
CHEMBL4296102,Cereblon/Casein kinase I alpha,P48729|Q96SW2,PROTEIN COMPLEX,Homo sapiens,32,35,9606,FALSE
CHEMBL2873,Mitogen-activated protein kinase kinase kinase 10,Q02779,SINGLE PROTEIN,Homo sapiens,325,400,9606,FALSE
CHEMBL5969,Phosphatidylinositol-4-phosphate 5-kinase type-1 alpha,Q99755,SINGLE PROTEIN,Homo sapiens,259,302,9606,FALSE
CHEMBL3108655,Serine/threonine-protein kinase Nek10,Q6ZWH5,SINGLE PROTEIN,Homo sapiens,130,131,9606,FALSE
CHEMBL3038517,CDK2/CDK4,P11802|P24941,PROTEIN FAMILY,Homo sapiens,6,6,9606,FALSE
CHEMBL2358,Casein kinase II beta,P67870,SINGLE PROTEIN,Homo sapiens,921,977,9606,FALSE
CHEMBL4296147,von Hippel-Lindau disease tumor suppressor/Serine/threonine-protein kinase TBK1,Q9UHD2|P40337,PROTEIN-PROTEIN INTERACTION,Homo sapiens,34,77,9606,FALSE
CHEMBL2346490,Cyclin-K,O75909,SINGLE PROTEIN,Homo sapiens,4,4,9606,FALSE
CHEMBL4523978,Src/Lck kinase,P12931|P06239,SELECTIVITY GROUP,Homo sapiens,1,1,9606,FALSE
CHEMBL2111351,Serine/threonine-protein kinase RAF and Dual specificity mitogen-activated protein kinase kinase 1 (Raf/MEK),P04049|Q02750,PROTEIN FAMILY,Homo sapiens,157,160,9606,FALSE
CHEMBL4523666,TEL/AXL,P30530|P41212,CHIMERIC PROTEIN,Homo sapiens,11,11,9606,FALSE
CHEMBL4454,Tyrosine-protein kinase FGR,P09769,SINGLE PROTEIN,Homo sapiens,1035,1737,9606,FALSE
CHEMBL5654,Myosin-IIIB,Q8WXR4,SINGLE PROTEIN,Homo sapiens,260,308,9606,FALSE
CHEMBL3559690,Cyclin-dependent kinase 20,Q8IZL9,SINGLE PROTEIN,Homo sapiens,2,3,9606,FALSE
CHEMBL5604,Dual specificity testis-specific protein kinase 1,Q15569,SINGLE PROTEIN,Homo sapiens,454,550,9606,FALSE
CHEMBL3038463,AKT/p21CIP1,P38936|P31749,PROTEIN COMPLEX,Homo sapiens,1,2,9606,FALSE
CHEMBL4742275,Cereblon/JAK1,P23458|Q96SW2,PROTEIN-PROTEIN INTERACTION,Homo sapiens,3,5,9606,FALSE
CHEMBL3301386,CDK6/cyclin D2,Q00534|P30279,PROTEIN COMPLEX,Homo sapiens,2,4,9606,FALSE
CHEMBL2221341,FKBP12A/mTOR,P62942|P42345,PROTEIN COMPLEX,Homo sapiens,11,11,9606,FALSE
CHEMBL2111440,VEGF-receptor 2 and PDGF-receptor beta (KDR and PDGFR beta),P09619|P35968,SELECTIVITY GROUP,Homo sapiens,28,29,9606,FALSE
CHEMBL3038493,Casein kinase I/MDM2,Q00987|P48729,PROTEIN COMPLEX,Homo sapiens,5,24,9606,FALSE
CHEMBL5759,Mitogen-activated protein kinase 4,P31152,SINGLE PROTEIN,Homo sapiens,231,271,9606,FALSE
CHEMBL4523644,Serine/threonine-protein kinase N1/Transforming protein RhoA,Q16512|P61586,PROTEIN COMPLEX,Homo sapiens,1,1,9606,FALSE
CHEMBL4523715,Protein cereblon/CDK4/G1/S-specific cyclin-E1,P11802|P24864|Q96SW2,PROTEIN-PROTEIN INTERACTION,Homo sapiens,1,1,9606,FALSE
CHEMBL2111330,Ribosomal protein S6 kinase (P70S6K),Q9UBS0|P23443,PROTEIN COMPLEX,Homo sapiens,88,90,9606,FALSE
CHEMBL4523674,DEPTOR/mTOR,P42345|Q8TB45,PROTEIN-PROTEIN INTERACTION,Homo sapiens,4,4,9606,FALSE
CHEMBL1907606,Mitogen-activated protein kinase; ERK1/ERK2,P27361|P28482,PROTEIN FAMILY,Homo sapiens,454,638,9606,FALSE
CHEMBL3885635,Serine-protein kinase ATM/ATR,Q13315|Q13535,PROTEIN FAMILY,Homo sapiens,1,3,9606,FALSE
CHEMBL2320,cAMP-dependent protein kinase type I-beta regulatory subunit,P31321,SINGLE PROTEIN,Homo sapiens,13,13,9606,FALSE
CHEMBL4523649,Rho-associated protein kinase 2/Transforming protein RhoA,O75116|P61586,PROTEIN COMPLEX,Homo sapiens,1,1,9606,FALSE
CHEMBL4296125,Cereblon/Cyclin-dependent kinase 8,P49336|Q96SW2,PROTEIN-PROTEIN INTERACTION,Homo sapiens,5,13,9606,FALSE
CHEMBL4748217,VHL/Cyclin-G-associated kinase,O14976|P40337,PROTEIN-PROTEIN INTERACTION,Homo sapiens,1,1,9606,FALSE
CHEMBL4577,Homeodomain-interacting protein kinase 3,Q9H422,SINGLE PROTEIN,Homo sapiens,550,788,9606,FALSE
CHEMBL5728,Cyclin-dependent kinase-like 2,Q92772,SINGLE PROTEIN,Homo sapiens,238,248,9606,FALSE
CHEMBL4523711,Protein cereblon/Serine/threonine-protein kinase TBK1,Q9UHD2|Q96SW2,PROTEIN-PROTEIN INTERACTION,Homo sapiens,2,2,9606,FALSE
CHEMBL4523992,Serine/threonine-protein kinase LATS,Q9NRM7|O95835,PROTEIN FAMILY,Homo sapiens,289,902,9606,FALSE
CHEMBL4296067,Cyclin-dependent kinase 13/Cyclin-K,Q14004|O75909,PROTEIN COMPLEX,Homo sapiens,40,42,9606,FALSE
CHEMBL3038503,p38 delta/gamma,O15264|P53778,PROTEIN FAMILY,Homo sapiens,17,17,9606,FALSE
CHEMBL1163112,Cyclin-dependent kinase-like 5,O76039,SINGLE PROTEIN,Homo sapiens,345,384,9606,FALSE
CHEMBL4680045,SLC34A2-ROS1,P08922|O95436,CHIMERIC PROTEIN,Homo sapiens,2,3,9606,FALSE
CHEMBL4630749,Baculoviral IAP repeat-containing protein 2/Cyclin-dependent kinase 6,Q00534|Q13490,PROTEIN-PROTEIN INTERACTION,Homo sapiens,3,3,9606,FALSE
CHEMBL4106161,CDK18/Cyclin Y,Q07002|Q8ND76,PROTEIN COMPLEX,Homo sapiens,29,31,9606,FALSE
CHEMBL4482,Serine/threonine-protein kinase PAK 4,O96013,SINGLE PROTEIN,Homo sapiens,2379,3112,9606,FALSE
CHEMBL4296066,Cyclin-dependent kinase 1/Cyclin A1,P06493|P78396,PROTEIN COMPLEX,Homo sapiens,8,8,9606,FALSE
CHEMBL2069163,Dual specificity testis-specific protein kinase 2,Q96S53,SINGLE PROTEIN,Homo sapiens,172,172,9606,FALSE
CHEMBL4106138,ATR/ATRIP,Q13535|Q8WXE1,PROTEIN COMPLEX,Homo sapiens,43,43,9606,FALSE
CHEMBL3885543,Cellular tumor antigen p53/Death-associated protein kinase 1,P04637|P53355,PROTEIN-PROTEIN INTERACTION,Homo sapiens,10,10,9606,FALSE
CHEMBL4296120,E3 ubiquitin-protein ligase XIAP/BCR/ABL,P00519|P98170|P11274,PROTEIN-PROTEIN INTERACTION,Homo sapiens,1,1,9606,FALSE
CHEMBL4106169,CDK12/Cyclin K,O75909|Q9NYV4,PROTEIN COMPLEX,Homo sapiens,733,879,9606,FALSE
CHEMBL4523678,Protein cereblon/MAP2K7,O14733|Q96SW2,PROTEIN-PROTEIN INTERACTION,Homo sapiens,1,2,9606,FALSE
CHEMBL4748232,VHL/EML4-ALK,Q9UM73|Q9HC35|P40337,PROTEIN-PROTEIN INTERACTION,Homo sapiens,2,2,9606,FALSE
CHEMBL4742263,Cereblon/Tyrosine-protein kinase JAK2,O60674|Q96SW2,PROTEIN-PROTEIN INTERACTION,Homo sapiens,22,30,9606,FALSE
CHEMBL3038468,CDK1/Cyclin E,P06493|P24864,PROTEIN COMPLEX,Homo sapiens,26,35,9606,FALSE
CHEMBL2595,Protein kinase C nu,O94806,SINGLE PROTEIN,Homo sapiens,1734,2297,9606,FALSE
CHEMBL4748222,VHL/Proto-oncogene tyrosine-protein kinase ROS,P08922|P40337,PROTEIN-PROTEIN INTERACTION,Homo sapiens,1,1,9606,FALSE
CHEMBL2959,Tyrosine-protein kinase ITK/TSK,Q08881,SINGLE PROTEIN,Homo sapiens,2477,3644,9606,FALSE
CHEMBL6002,Cell division cycle 2-like protein kinase 6,Q9BWU1,SINGLE PROTEIN,Homo sapiens,472,542,9606,FALSE
CHEMBL5334,Non-receptor tyrosine-protein kinase TNK1,Q13470,SINGLE PROTEIN,Homo sapiens,852,1332,9606,FALSE
CHEMBL3885548,Cyclin-A1/Cyclin-dependent kinase 4,P11802|P78396,PROTEIN COMPLEX,Homo sapiens,4,4,9606,FALSE
CHEMBL4523969,IKK2/IKK1,O14920|O15111,SELECTIVITY GROUP,Homo sapiens,2,2,9606,FALSE
CHEMBL1938215,Kinase suppressor of Ras 1,Q8IVT5,SINGLE PROTEIN,Homo sapiens,20,31,9606,FALSE
CHEMBL5121,Mitogen-activated protein kinase 6,Q16659,SINGLE PROTEIN,Homo sapiens,404,560,9606,FALSE
CHEMBL3830,Adaptor-associated kinase,Q2M2I8,SINGLE PROTEIN,Homo sapiens,654,846,9606,FALSE
CHEMBL1907605,Cyclin-dependent kinase 2/cyclin E1,P24864|P24941,PROTEIN COMPLEX,Homo sapiens,1586,1738,9606,FALSE
CHEMBL3885551,Cyclin-dependent kinase 1/G1/S-specific cyclin-D1,P06493|P24385,PROTEIN COMPLEX,Homo sapiens,4,4,9606,FALSE
CHEMBL5147,Ephrin type-B receptor 4,P54760,SINGLE PROTEIN,Homo sapiens,2288,3189,9606,FALSE
CHEMBL2111324,Phosphorylase kinase,P15735|P46020|P46019|Q93100|Q16816,PROTEIN COMPLEX GROUP,Homo sapiens,49,51,9606,FALSE
CHEMBL3308982,CDC42BPA protein,B9EGA7,SINGLE PROTEIN,Homo sapiens,3,9,9606,FALSE
CHEMBL5466,Activin receptor type-2B,Q13705,SINGLE PROTEIN,Homo sapiens,440,540,9606,FALSE
CHEMBL5753,Uncharacterized aarF domain-containing protein kinase 4,Q96D53,SINGLE PROTEIN,Homo sapiens,247,306,9606,FALSE
CHEMBL4748234,VHL/IRAK3,Q9Y616|P40337,PROTEIN-PROTEIN INTERACTION,Homo sapiens,8,16,9606,FALSE
CHEMBL3885566,Dual specificity mitogen-activated protein kinase kinase 1/Mitogen-activated protein kinase 1/RAF proto-oncogene serine/threonine-protein kinase,P28482|P04049|Q02750,PROTEIN FAMILY,Homo sapiens,2,2,9606,FALSE
CHEMBL2117,"AMP-activated protein kinase, beta-2 subunit",O43741,SINGLE PROTEIN,Homo sapiens,3,3,9606,FALSE
CHEMBL4888454,CDK2/Cyclin C,P24941|P24863,PROTEIN COMPLEX,Homo sapiens,1,1,9606,FALSE
CHEMBL3988,Ephrin type-A receptor 4,P54764,SINGLE PROTEIN,Homo sapiens,1169,1982,9606,FALSE
CHEMBL2111444,CDK3/cyclin E,P24864|O96020|Q00526,PROTEIN COMPLEX GROUP,Homo sapiens,182,347,9606,FALSE
CHEMBL5416,PITSLRE serine/threonine-protein kinase CDC2L2,Q9UQ88,SINGLE PROTEIN,Homo sapiens,226,269,9606,FALSE
CHEMBL3883328,Casein kinase II alpha'/ beta,P67870|P19784,PROTEIN COMPLEX,Homo sapiens,90,96,9606,FALSE
CHEMBL2111480,Vascular endothelial growth factor receptor 1 and 2 (Flt-1 and KDR),P17948|P35968,SELECTIVITY GROUP,Homo sapiens,27,27,9606,FALSE
CHEMBL4523,Serine/threonine-protein kinase PIM2,Q9P1W9,SINGLE PROTEIN,Homo sapiens,4597,5866,9606,FALSE
CHEMBL5432,Mitogen-activated protein kinase kinase kinase kinase 3,Q8IVH8,SINGLE PROTEIN,Homo sapiens,537,674,9606,FALSE
CHEMBL5427,Homeodomain-interacting protein kinase 1,Q86Z02,SINGLE PROTEIN,Homo sapiens,969,1549,9606,FALSE
CHEMBL4224,Dual specificty protein kinase CLK1,P49759,SINGLE PROTEIN,Homo sapiens,1472,1829,9606,FALSE
CHEMBL5044,Serine/threonine-protein kinase Nek5,Q6P3R8,SINGLE PROTEIN,Homo sapiens,247,290,9606,FALSE
CHEMBL2111387,NPM/ALK (Nucleophosmin/ALK tyrosine kinase receptor),Q9UM73|P06748,CHIMERIC PROTEIN,Homo sapiens,79,116,9606,FALSE
CHEMBL4896,PDZ-binding kinase,Q96KB5,SINGLE PROTEIN,Homo sapiens,953,993,9606,FALSE
CHEMBL4748216,VHL/Aurora kinase A,O14965|P40337,PROTEIN-PROTEIN INTERACTION,Homo sapiens,1,1,9606,FALSE
CHEMBL4742280,Cereblon/Serine/threonine-protein kinase PLK1,P53350|Q96SW2,PROTEIN-PROTEIN INTERACTION,Homo sapiens,1,1,9606,FALSE
CHEMBL4523619,MAPK3/MAPK7,P27361|Q13164,PROTEIN FAMILY,Homo sapiens,1,1,9606,FALSE
CHEMBL4523634,CDK2/Cyclin-Y,P24941|Q8ND76,PROTEIN COMPLEX,Homo sapiens,1,1,9606,FALSE
CHEMBL4852,Mitogen-activated protein kinase kinase kinase kinase 5,Q9Y4K4,SINGLE PROTEIN,Homo sapiens,1316,1513,9606,FALSE
CHEMBL4948,Dual specificity mitogen-activated protein kinase kinase 5,Q13163,SINGLE PROTEIN,Homo sapiens,515,631,9606,FALSE
CHEMBL4523683,Protein cereblon/Cyclin-dependent kinase 1,P06493|Q96SW2,PROTEIN-PROTEIN INTERACTION,Homo sapiens,5,7,9606,FALSE
CHEMBL3542,Serine/threonine-protein kinase NIM1,Q8IY84,SINGLE PROTEIN,Homo sapiens,258,270,9606,FALSE
CHEMBL4523710,Protein cereblon/IRAK4,Q9NWZ3|Q96SW2,PROTEIN-PROTEIN INTERACTION,Homo sapiens,12,39,9606,FALSE
CHEMBL3038451,AMPK alpha1/beta1/gamma2,Q9UGJ0|Q9Y478|Q13131,PROTEIN COMPLEX,Homo sapiens,15,16,9606,FALSE
CHEMBL2111448,CDK6/cyclin D3,P30281|Q00534,PROTEIN COMPLEX,Homo sapiens,640,884,9606,FALSE
CHEMBL5260,Serine/threonine-protein kinase TNNI3K,Q59H18,SINGLE PROTEIN,Homo sapiens,482,613,9606,FALSE
CHEMBL1075115,Dual specificity tyrosine-phosphorylation-regulated kinase 4,Q9NR20,SINGLE PROTEIN,Homo sapiens,615,633,9606,FALSE
CHEMBL1163129,Serine/threonine-protein kinase SBK1,Q52WX2,SINGLE PROTEIN,Homo sapiens,235,240,9606,FALSE
CHEMBL3982,Tyrosine-protein kinase FER,P16591,SINGLE PROTEIN,Homo sapiens,1596,2354,9606,FALSE
CHEMBL1795193,Ribosomal protein S6 kinase delta-1,Q96S38,SINGLE PROTEIN,Homo sapiens,16,23,9606,FALSE
CHEMBL5932,LIM domain kinase 2,P53671,SINGLE PROTEIN,Homo sapiens,685,802,9606,FALSE
CHEMBL4523725,VHL/ABL1,P00519|P40337,PROTEIN-PROTEIN INTERACTION,Homo sapiens,2,3,9606,FALSE
CHEMBL1169596,Serine/threonine-protein kinase A-Raf,P10398,SINGLE PROTEIN,Homo sapiens,383,400,9606,FALSE
CHEMBL4523687,Protein cereblon/BRAF,P15056|Q96SW2,PROTEIN-PROTEIN INTERACTION,Homo sapiens,2,4,9606,FALSE
CHEMBL2111336,VEGF-receptor 2 and tyrosine-protein kinase SRC,P12931|P35968,SELECTIVITY GROUP,Homo sapiens,25,25,9606,FALSE
CHEMBL4523704,Protein cereblon/Tyrosine-protein kinase BTK,Q06187|Q96SW2,PROTEIN-PROTEIN INTERACTION,Homo sapiens,20,43,9606,FALSE
CHEMBL4106152,CDK2/Cyclin O,P24941|P22674,PROTEIN COMPLEX,Homo sapiens,17,21,9606,FALSE
CHEMBL3038486,IKK epsilon/TBK1,Q14164|Q9UHD2,PROTEIN COMPLEX,Homo sapiens,53,53,9606,FALSE
CHEMBL5310,Activin receptor type-1B,P36896,SINGLE PROTEIN,Homo sapiens,770,1124,9606,FALSE
CHEMBL2508,Cyclin-dependent kinase 6,Q00534,SINGLE PROTEIN,Homo sapiens,1240,1680,9606,FALSE
CHEMBL3038469,CDK2/Cyclin A,P24941|P20248,PROTEIN COMPLEX,Homo sapiens,1915,2212,9606,FALSE
CHEMBL3559691,Cyclin-dependent kinase,P06493|P11802|P24941|Q00535|Q00534|P50613|Q00526|Q00536|Q07002|P49336|Q00537|P21127|Q96Q40|Q9BWU1|O94921|P50750|Q15131|Q14004|Q8IZL9|Q9NYV4,PROTEIN FAMILY,Homo sapiens,37,76,9606,FALSE
CHEMBL1075163,Serine/threonine-protein kinase haspin,Q8TF76,SINGLE PROTEIN,Homo sapiens,561,787,9606,FALSE
CHEMBL4296098,Mitogen-activated protein kinase 8/9,P45983|P45984,PROTEIN FAMILY,Homo sapiens,4,8,9606,FALSE
CHEMBL267,Tyrosine-protein kinase SRC,P12931,SINGLE PROTEIN,Homo sapiens,7438,10167,9606,FALSE
CHEMBL3935,Serine/threonine-protein kinase Aurora-C,Q9UQB9,SINGLE PROTEIN,Homo sapiens,1036,1740,9606,FALSE
CHEMBL6006,Serine/threonine-protein kinase ULK1,O75385,SINGLE PROTEIN,Homo sapiens,658,968,9606,FALSE
CHEMBL3337327,Tau-tubulin kinase 2,Q6IQ55,SINGLE PROTEIN,Homo sapiens,41,42,9606,FALSE
CHEMBL5476,Bone morphogenetic protein receptor type-1B,O00238,SINGLE PROTEIN,Homo sapiens,484,558,9606,FALSE
CHEMBL3717,Hepatocyte growth factor receptor,P08581,SINGLE PROTEIN,Homo sapiens,7136,10478,9606,FALSE
CHEMBL2918,cAMP-dependent protein kinase beta-1 catalytic subunit,P22694,SINGLE PROTEIN,Homo sapiens,474,583,9606,FALSE
CHEMBL3290,Ephrin type-B receptor 2,P29323,SINGLE PROTEIN,Homo sapiens,1170,1893,9606,FALSE
CHEMBL4879529,Cereblon/Serine/threonine-protein kinase RIPK2,O43353|Q96SW2,PROTEIN-PROTEIN INTERACTION,Homo sapiens,2,3,9606,FALSE
CHEMBL6000,Serine/threonine-protein kinase RIO2,Q9BVS4,SINGLE PROTEIN,Homo sapiens,451,588,9606,FALSE
CHEMBL4527,TRAF2- and NCK-interacting kinase,Q9UKE5,SINGLE PROTEIN,Homo sapiens,821,1067,9606,FALSE
CHEMBL5319,Epithelial discoidin domain-containing receptor 1,Q08345,SINGLE PROTEIN,Homo sapiens,773,1017,9606,FALSE
CHEMBL4525,Serine/threonine-protein kinase 17A,Q9UEE5,SINGLE PROTEIN,Homo sapiens,1333,1713,9606,FALSE
CHEMBL2828,Casein kinase I delta,P48730,SINGLE PROTEIN,Homo sapiens,3053,3851,9606,FALSE
CHEMBL4106134,FASN/HER2,P04626|P49327,PROTEIN COMPLEX,Homo sapiens,1,2,9606,FALSE
CHEMBL3385,MAP kinase ERK1,P27361,SINGLE PROTEIN,Homo sapiens,2885,4689,9606,FALSE
CHEMBL2094127,Cyclin-dependent kinase 1/cyclin B,P06493|P14635|Q8WWL7|O95067,PROTEIN COMPLEX,Homo sapiens,693,843,9606,FALSE
CHEMBL3137267,PKC alpha and beta-2,P17252|P05771,PROTEIN FAMILY,Homo sapiens,3,4,9606,FALSE
CHEMBL1075195,Serine/threonine-protein kinase TAO2,Q9UL54,SINGLE PROTEIN,Homo sapiens,701,958,9606,FALSE
CHEMBL5285,Mitogen-activated protein kinase kinase kinase 5,Q99683,SINGLE PROTEIN,Homo sapiens,1273,1920,9606,FALSE
CHEMBL4523631,CDK9/Cyclin-T2,P50750|O60583,PROTEIN COMPLEX,Homo sapiens,5,6,9606,FALSE
CHEMBL5198,Mitogen-activated protein kinase 15,Q8TD08,SINGLE PROTEIN,Homo sapiens,573,716,9606,FALSE
CHEMBL4296642,TEC family kinase,Q08881|P51813|P42680|P42681|Q06187,PROTEIN FAMILY,Homo sapiens,,,9606,FALSE
CHEMBL2363074,SRC,P06241|P12931|P06239|P07947|P51451|P08631|P07948|P42685|P09769|Q9H3Y6,PROTEIN FAMILY,Homo sapiens,,,9606,FALSE
CHEMBL3430877,Proto-oncogene tyrosine-protein kinase receptor Ret /Nuclear receptor coactivator 4 fusion protein,P07949|Q13772,CHIMERIC PROTEIN,Homo sapiens,5,17,9606,FALSE
CHEMBL5754,MAP/microtubule affinity-regulating kinase 4,Q96L34,SINGLE PROTEIN,Homo sapiens,955,1485,9606,FALSE
CHEMBL5274,Tyrosine-protein kinase receptor Tie-1,P35590,SINGLE PROTEIN,Homo sapiens,248,292,9606,FALSE
CHEMBL3905,Tyrosine-protein kinase Lyn,P07948,SINGLE PROTEIN,Homo sapiens,2502,4227,9606,FALSE
CHEMBL6029,Eukaryotic translation initiation factor 2-alpha kinase 1,Q9BQI3,SINGLE PROTEIN,Homo sapiens,524,686,9606,FALSE
CHEMBL1907600,Cyclin-dependent kinase 5/CDK5 activator 1,Q00535|Q15078,PROTEIN COMPLEX,Homo sapiens,2652,3533,9606,FALSE
CHEMBL3885629,RAC-alpha serine/threonine-protein kinase/Ribosomal protein S6 kinase beta-1,P23443|P31749,PROTEIN FAMILY,Homo sapiens,1,2,9606,FALSE
CHEMBL2783,Cyclin-dependent kinase 5 regulatory subunit 1,Q15078,SINGLE PROTEIN,Homo sapiens,7,7,9606,FALSE
CHEMBL5388,Serine/threonine-protein kinase tousled-like 1,Q9UKI8,SINGLE PROTEIN,Homo sapiens,320,383,9606,FALSE
CHEMBL5914,Mitogen-activated protein kinase kinase kinase 2,Q9Y2U5,SINGLE PROTEIN,Homo sapiens,498,587,9606,FALSE
CHEMBL3829,CaM kinase II gamma,Q13555,SINGLE PROTEIN,Homo sapiens,1325,1748,9606,FALSE
CHEMBL1844,Macrophage colony stimulating factor receptor,P07333,SINGLE PROTEIN,Homo sapiens,3712,5077,9606,FALSE
CHEMBL3582,Protein kinase C epsilon,Q02156,SINGLE PROTEIN,Homo sapiens,1099,1500,9606,FALSE
CHEMBL5616,Activin receptor type-2A,P27037,SINGLE PROTEIN,Homo sapiens,281,325,9606,FALSE
CHEMBL4802036,Fibroblast growth factor 1/Fibroblast growth factor receptor 2,P05230|P21802,PROTEIN COMPLEX,Homo sapiens,2,3,9606,FALSE
CHEMBL4523663,Serine/threonine-protein kinase 3/4,Q13043|Q13188,PROTEIN FAMILY,Homo sapiens,1,3,9606,FALSE
CHEMBL3627582,Testis-specific serine/threonine-protein kinase 6,Q9BXA6,SINGLE PROTEIN,Homo sapiens,15,17,9606,FALSE
CHEMBL3337330,"Serine/threonine-protein kinase PINK1, mitochondrial",Q9BXM7,SINGLE PROTEIN,Homo sapiens,13,21,9606,FALSE
CHEMBL2349,Phosphorylase kinase gamma subunit 2,P15735,SINGLE PROTEIN,Homo sapiens,1515,2243,9606,FALSE
CHEMBL3847,"AMP-activated protein kinase, beta-1 subunit",Q9Y478,SINGLE PROTEIN,Homo sapiens,55,56,9606,FALSE
CHEMBL2743,"cAMP-dependent protein kinase, gamma catalytic subunit",P22612,SINGLE PROTEIN,Homo sapiens,227,229,9606,FALSE
CHEMBL2393,"AMP-activated protein kinase, gamma-1 subunit",P54619,SINGLE PROTEIN,Homo sapiens,254,254,9606,FALSE
CHEMBL2801,CaM kinase II delta,Q13557,SINGLE PROTEIN,Homo sapiens,1940,2778,9606,FALSE
CHEMBL4523755,VHL-MAP2K1/MAP2K2,P36507|Q02750|P40337,PROTEIN-PROTEIN INTERACTION,Homo sapiens,5,47,9606,FALSE
CHEMBL4134,Ephrin type-A receptor 8,P29322,SINGLE PROTEIN,Homo sapiens,527,787,9606,FALSE
CHEMBL4202,Serine/threonine-protein kinase 2,Q9H2G2,SINGLE PROTEIN,Homo sapiens,1382,1601,9606,FALSE
CHEMBL5855,Serine/threonine-protein kinase Nek1,Q96PY6,SINGLE PROTEIN,Homo sapiens,1198,1723,9606,FALSE
CHEMBL258,Tyrosine-protein kinase LCK,P06239,SINGLE PROTEIN,Homo sapiens,6184,9096,9606,FALSE
CHEMBL2095942,Cyclin-dependent kinase 4/cyclin D,P11802|P24385|P30281|P30279,PROTEIN COMPLEX,Homo sapiens,159,168,9606,FALSE
CHEMBL2221,cAMP-dependent protein kinase type II-alpha regulatory subunit,P13861,SINGLE PROTEIN,Homo sapiens,246,246,9606,FALSE
CHEMBL4898,Neurotrophic tyrosine kinase receptor type 2,Q16620,SINGLE PROTEIN,Homo sapiens,2414,3201,9606,FALSE
CHEMBL5810,Ephrin type-A receptor 1,P21709,SINGLE PROTEIN,Homo sapiens,731,1033,9606,FALSE
CHEMBL4576,Homeodomain-interacting protein kinase 2,Q9H2X6,SINGLE PROTEIN,Homo sapiens,1317,1604,9606,FALSE
CHEMBL4766,Pyruvate dehydrogenase kinase isoform 1,Q15118,SINGLE PROTEIN,Homo sapiens,1591,1997,9606,FALSE
CHEMBL6166,Mitogen-activated protein kinase kinase kinase kinase 4,O95819,SINGLE PROTEIN,Homo sapiens,2194,2875,9606,FALSE
CHEMBL4296146,von Hippel-Lindau disease tumor suppressor/Inhibitor of nuclear factor kappa-B kinase subunit epsilon,Q14164|P40337,PROTEIN-PROTEIN INTERACTION,Homo sapiens,1,1,9606,FALSE
CHEMBL5284,CaM-kinase kinase beta,Q96RR4,SINGLE PROTEIN,Homo sapiens,878,1242,9606,FALSE
CHEMBL4718,MAP kinase-interacting serine/threonine-protein kinase MNK1,Q9BUB5,SINGLE PROTEIN,Homo sapiens,1358,1948,9606,FALSE
CHEMBL2111326,Cyclin-dependent kinase 2 and 4 (CDK2 and CDK4),P11802|P24941,SELECTIVITY GROUP,Homo sapiens,15,20,9606,FALSE
CHEMBL6054,PAS domain-containing serine/threonine-protein kinase,Q96RG2,SINGLE PROTEIN,Homo sapiens,1620,3504,9606,FALSE
CHEMBL2276,c-Jun N-terminal kinase 1,P45983,SINGLE PROTEIN,Homo sapiens,3873,4907,9606,FALSE
CHEMBL4175,Tyrosine-protein kinase CTK,P42679,SINGLE PROTEIN,Homo sapiens,723,761,9606,FALSE
CHEMBL4523728,VHL/Tyrosine-protein kinase Yes,P07947|P40337,PROTEIN-PROTEIN INTERACTION,Homo sapiens,1,1,9606,FALSE
CHEMBL2363049,Epidermal growth factor receptor,P04626|P00533|Q15303|P21860,PROTEIN FAMILY,Homo sapiens,337,486,9606,FALSE
CHEMBL5808,PITSLRE serine/threonine-protein kinase CDC2L1,P21127,SINGLE PROTEIN,Homo sapiens,260,322,9606,FALSE
CHEMBL4106153,CDK2/Bovine cyclin A,P24941|P30274,PROTEIN COMPLEX,Homo sapiens,36,36,9606,FALSE
CHEMBL4106180,p38 MAP kinase alpha/beta,Q15759|Q16539,PROTEIN FAMILY,Homo sapiens,1,1,9606,FALSE
CHEMBL4888447,E3 ubiquitin-protein ligase XIAP/Receptor-interacting serine/threonine-protein kinase 2,P98170|O43353,PROTEIN-PROTEIN INTERACTION,Homo sapiens,20,22,9606,FALSE
CHEMBL4355,Serine/threonine-protein kinase GAK,O14976,SINGLE PROTEIN,Homo sapiens,741,1058,9606,FALSE
CHEMBL1908382,Serine/threonine-protein kinase PRP4 homolog,Q13523,SINGLE PROTEIN,Homo sapiens,250,267,9606,FALSE
CHEMBL4296065,Cyclin-dependent kinase 1/ G1/S-specific cyclin-D3,P06493|P30281,PROTEIN COMPLEX,Homo sapiens,24,24,9606,FALSE
CHEMBL4523635,CDK3/Cyclin-E2,O96020|Q00526,PROTEIN COMPLEX,Homo sapiens,2,2,9606,FALSE
CHEMBL2906,Phosphorylase kinase alpha L subunit,P46019,SINGLE PROTEIN,Homo sapiens,117,125,9606,FALSE
CHEMBL5651,Serine/threonine-protein kinase 35,Q8TDR2,SINGLE PROTEIN,Homo sapiens,229,239,9606,FALSE
CHEMBL4888443,Cyclin-dependent kinase 3/Cyclin-C,Q00526|P24863,PROTEIN COMPLEX,Homo sapiens,3,3,9606,FALSE
CHEMBL3883323,Cyclin-C/Cyclin-dependent kinase 19,Q9BWU1|P24863,PROTEIN COMPLEX,Homo sapiens,298,320,9606,FALSE
CHEMBL4526,Ephrin type-A receptor 6,Q9UF33,SINGLE PROTEIN,Homo sapiens,289,362,9606,FALSE
CHEMBL1163108,STE20/SPS1-related proline-alanine-rich protein kinase,Q9UEW8,SINGLE PROTEIN,Homo sapiens,287,305,9606,FALSE
CHEMBL6150,Serine/threonine-protein kinase 32A,Q8WU08,SINGLE PROTEIN,Homo sapiens,227,229,9606,FALSE
CHEMBL4523700,Protein cereblon/Cyclin-dependent kinase 6,Q00534|Q96SW2,PROTEIN-PROTEIN INTERACTION,Homo sapiens,38,109,9606,FALSE
CHEMBL1907601,Cyclin-dependent kinase 4/cyclin D1,P11802|P24385,PROTEIN COMPLEX,Homo sapiens,1951,2220,9606,FALSE
CHEMBL5116,Putative uncharacterized serine/threonine-protein kinase SgK110,P0C264,SINGLE PROTEIN,Homo sapiens,220,228,9606,FALSE
CHEMBL2494,CaM kinase IV,Q16566,SINGLE PROTEIN,Homo sapiens,1339,2079,9606,FALSE
CHEMBL5519,Serine/threonine-protein kinase DCLK2,Q8N568,SINGLE PROTEIN,Homo sapiens,841,1439,9606,FALSE
CHEMBL4630723,ErbB-2/ErbB-3 heterodimer,P04626|P21860,PROTEIN COMPLEX,Homo sapiens,1,2,9606,FALSE
CHEMBL4888452,MAP2K3/Myc proto-oncogene protein,P46734|P01106,PROTEIN-PROTEIN INTERACTION,Homo sapiens,5,25,9606,FALSE
CHEMBL2111377,CDC7/DBF4 (Cell division cycle 7-related protein kinase/Activator of S phase kinase),Q9UBU7|O00311,PROTEIN COMPLEX,Homo sapiens,318,451,9606,FALSE
CHEMBL3430890,Voltage-gated potassium channel subunit Kv7.1/Misshapen-like kinase 1,P51787|Q8N4C8,PROTEIN COMPLEX,Homo sapiens,5,7,9606,FALSE
CHEMBL5606,Serine/threonine-protein kinase 11,Q15831,SINGLE PROTEIN,Homo sapiens,726,1019,9606,FALSE
CHEMBL2453,"AMP-activated protein kinase, gamma-2 subunit",Q9UGJ0,SINGLE PROTEIN,Homo sapiens,243,243,9606,FALSE
CHEMBL5258,CaM kinase I gamma,Q96NX5,SINGLE PROTEIN,Homo sapiens,456,534,9606,FALSE
CHEMBL4578,Maternal embryonic leucine zipper kinase,Q14680,SINGLE PROTEIN,Homo sapiens,2529,3417,9606,FALSE
CHEMBL1163128,Microtubule-associated serine/threonine-protein kinase 1,Q9Y2H9,SINGLE PROTEIN,Homo sapiens,223,233,9606,FALSE
CHEMBL5888,Mitogen-activated protein kinase kinase kinase 14,Q99558,SINGLE PROTEIN,Homo sapiens,1029,1376,9606,FALSE
CHEMBL3038475,CDK9/Cyclin K,P50750|O75909,PROTEIN COMPLEX,Homo sapiens,138,142,9606,FALSE
CHEMBL260,MAP kinase p38 alpha,Q16539,SINGLE PROTEIN,Homo sapiens,8261,12641,9606,FALSE
CHEMBL5970,Mitogen-activated protein kinase kinase kinase 3,Q99759,SINGLE PROTEIN,Homo sapiens,476,553,9606,FALSE
CHEMBL4523632,CDK9/Cyclin-H,P51946|P50750,PROTEIN COMPLEX,Homo sapiens,1,1,9606,FALSE
CHEMBL4223,Tyrosine-protein kinase FRK,P42685,SINGLE PROTEIN,Homo sapiens,1539,2280,9606,FALSE
CHEMBL4523701,Protein cereblon/Cyclin-dependent-like kinase 5,Q00535|Q96SW2,PROTEIN-PROTEIN INTERACTION,Homo sapiens,7,8,9606,FALSE
CHEMBL3038494,Casein kinase I delta/epsilon,P48730|P49674,PROTEIN COMPLEX,Homo sapiens,39,41,9606,FALSE
CHEMBL2695,Focal adhesion kinase 1,Q05397,SINGLE PROTEIN,Homo sapiens,3580,4533,9606,FALSE
CHEMBL6144,G protein-coupled receptor kinase 6,P43250,SINGLE PROTEIN,Homo sapiens,978,1544,9606,FALSE
CHEMBL5703,Tyrosine-protein kinase Srms,Q9H3Y6,SINGLE PROTEIN,Homo sapiens,1132,1585,9606,FALSE
CHEMBL5332,Mitogen-activated protein kinase 7,Q13164,SINGLE PROTEIN,Homo sapiens,646,870,9606,FALSE
CHEMBL5081,Interleukin-1 receptor-associated kinase 3,Q9Y616,SINGLE PROTEIN,Homo sapiens,470,577,9606,FALSE
CHEMBL2185,Serine/threonine-protein kinase Aurora-B,Q96GD4,SINGLE PROTEIN,Homo sapiens,4898,6578,9606,FALSE
CHEMBL1163104,Serine/threonine-protein kinase OSR1,O95747,SINGLE PROTEIN,Homo sapiens,402,428,9606,FALSE
CHEMBL5082,Serine/threonine-protein kinase 24,Q9Y6E0,SINGLE PROTEIN,Homo sapiens,640,919,9606,FALSE
CHEMBL5678,G protein-coupled receptor kinase 5,P34947,SINGLE PROTEIN,Homo sapiens,824,1090,9606,FALSE
CHEMBL2171,Dual specificity mitogen-activated protein kinase kinase 6,P52564,SINGLE PROTEIN,Homo sapiens,851,1240,9606,FALSE
CHEMBL3038457,AMPK alpha2/beta2/gamma3,P54646|O43741|Q9UGI9,PROTEIN COMPLEX,Homo sapiens,13,24,9606,FALSE
CHEMBL5938,Serine/threonine-protein kinase PLK2,Q9NYY3,SINGLE PROTEIN,Homo sapiens,762,996,9606,FALSE
CHEMBL5776,Mitogen-activated protein kinase kinase kinase 7,O43318,SINGLE PROTEIN,Homo sapiens,775,1157,9606,FALSE
CHEMBL3301391,JAK1/TYK2,P23458|P29597,PROTEIN COMPLEX,Homo sapiens,162,248,9606,FALSE
CHEMBL5483,Insulin receptor-related protein,P14616,SINGLE PROTEIN,Homo sapiens,919,1531,9606,FALSE
CHEMBL4523732,VHL/Cyclin-dependent kinase 4,P11802|P40337,PROTEIN-PROTEIN INTERACTION,Homo sapiens,16,26,9606,FALSE
CHEMBL4267,TGF-beta receptor type II,P37173,SINGLE PROTEIN,Homo sapiens,629,792,9606,FALSE
CHEMBL4523734,VHL/MAP2K2,P36507|P40337,PROTEIN-PROTEIN INTERACTION,Homo sapiens,12,53,9606,FALSE
CHEMBL3032,Protein kinase N2,Q16513,SINGLE PROTEIN,Homo sapiens,1525,1951,9606,FALSE
CHEMBL4630732,Protein cereblon/Serine/threonine-protein kinase WEE1,P30291|Q96SW2,PROTEIN-PROTEIN INTERACTION,Homo sapiens,10,10,9606,FALSE
CHEMBL2493,CaM kinase I alpha,Q14012,SINGLE PROTEIN,Homo sapiens,1311,1655,9606,FALSE
CHEMBL3961,MAP kinase p38 beta,Q15759,SINGLE PROTEIN,Homo sapiens,1734,2741,9606,FALSE
CHEMBL5275,Bone morphogenetic protein receptor type-1A,P36894,SINGLE PROTEIN,Homo sapiens,524,635,9606,FALSE
CHEMBL3116,Cyclin-dependent kinase 9,P50750,SINGLE PROTEIN,Homo sapiens,1823,2264,9606,FALSE
CHEMBL5405,Serine/threonine-protein kinase 32C,Q86UX6,SINGLE PROTEIN,Homo sapiens,298,346,9606,FALSE
CHEMBL3038472,CDK4/Cyclin D3,P11802|P30281,PROTEIN COMPLEX,Homo sapiens,547,643,9606,FALSE
CHEMBL4523689,Protein cereblon/Cyclin-dependent kinase 2,P24941|Q96SW2,PROTEIN-PROTEIN INTERACTION,Homo sapiens,17,25,9606,FALSE
CHEMBL4879535,Cereblon/Cyclin-dependent kinase 12,Q9NYV4|Q96SW2,PROTEIN-PROTEIN INTERACTION,Homo sapiens,18,20,9606,FALSE
CHEMBL2111458,Casein kinase I,Q9HCP0|P78368|P48730|P49674|P48729,PROTEIN FAMILY,Homo sapiens,55,58,9606,FALSE
CHEMBL5550,"Chaperone activity of bc1 complex-like, mitochondrial",Q8NI60,SINGLE PROTEIN,Homo sapiens,447,551,9606,FALSE
CHEMBL5330,Mitogen-activated protein kinase kinase kinase kinase 2,Q12851,SINGLE PROTEIN,Homo sapiens,1964,2676,9606,FALSE
CHEMBL4879531,Cereblon/Platelet-derived growth factor receptor beta,P09619|Q96SW2,PROTEIN-PROTEIN INTERACTION,Homo sapiens,1,1,9606,FALSE
CHEMBL2553,Ribosomal protein S6 kinase alpha 1,Q15418,SINGLE PROTEIN,Homo sapiens,1626,2722,9606,FALSE
CHEMBL5364,Serine/threonine protein kinase NLK,Q9UBE8,SINGLE PROTEIN,Homo sapiens,679,970,9606,FALSE
CHEMBL5467,Bone morphogenetic protein receptor type-2,Q13873,SINGLE PROTEIN,Homo sapiens,480,582,9606,FALSE
CHEMBL3559692,Cyclin-dependent kinase 12,Q9NYV4,SINGLE PROTEIN,Homo sapiens,329,405,9606,FALSE
CHEMBL3885553,Cyclin-dependent kinase 4/6,P11802|Q00534,PROTEIN FAMILY,Homo sapiens,9,13,9606,FALSE
CHEMBL4523680,Protein cereblon/Epidermal growth factor receptor,P00533|Q96SW2,PROTEIN-PROTEIN INTERACTION,Homo sapiens,26,138,9606,FALSE
CHEMBL3883296,Serine/threonine-protein kinase Chk1/2,O96017|O14757,PROTEIN FAMILY,Homo sapiens,4,5,9606,FALSE
CHEMBL4004,Phosphorylase kinase gamma subunit 1,Q16816,SINGLE PROTEIN,Homo sapiens,696,1142,9606,FALSE
CHEMBL2111289,Dual specificity mitogen-activated protein kinase kinase; MEK1/2,P36507|Q02750,PROTEIN FAMILY,Homo sapiens,261,415,9606,FALSE
CHEMBL5547,Ankyrin repeat and protein kinase domain-containing protein 1,Q8NFD2,SINGLE PROTEIN,Homo sapiens,231,270,9606,FALSE
CHEMBL4888444,Cyclin-dependent kinase 2/4/6,P11802|P24941|Q00534,PROTEIN FAMILY,Homo sapiens,2,3,9606,FALSE
CHEMBL1163123,Mitogen-activated protein kinase kinase kinase 6,O95382,SINGLE PROTEIN,Homo sapiens,437,505,9606,FALSE
CHEMBL3038471,CDK3/Cyclin E,P24864|Q00526,PROTEIN COMPLEX,Homo sapiens,521,903,9606,FALSE
CHEMBL1908384,SNF-related serine/threonine-protein kinase,Q9NRH2,SINGLE PROTEIN,Homo sapiens,249,263,9606,FALSE
CHEMBL2116,"AMP-activated protein kinase, alpha-2 subunit",P54646,SINGLE PROTEIN,Homo sapiens,871,1327,9606,FALSE
CHEMBL3920,Protein kinase C theta,Q04759,SINGLE PROTEIN,Homo sapiens,2360,3292,9606,FALSE
CHEMBL2996,Protein kinase C delta,Q05655,SINGLE PROTEIN,Homo sapiens,2312,2930,9606,FALSE
CHEMBL6149,Serine/threonine-protein kinase SIK3,Q9Y2K2,SINGLE PROTEIN,Homo sapiens,469,547,9606,FALSE
CHEMBL4309,Serine/threonine-protein kinase NEK6,Q9HC98,SINGLE PROTEIN,Homo sapiens,1158,1926,9606,FALSE
CHEMBL2041,Tyrosine-protein kinase receptor RET,P07949,SINGLE PROTEIN,Homo sapiens,2860,6564,9606,FALSE
CHEMBL6105,BCR/ABL p210 fusion protein,A1Z199,SINGLE PROTEIN,Homo sapiens,30,42,9606,FALSE
CHEMBL4045,"AMP-activated protein kinase, alpha-1 subunit",Q13131,SINGLE PROTEIN,Homo sapiens,1865,2480,9606,FALSE
CHEMBL4273,cGMP-dependent protein kinase 1 beta,Q13976,SINGLE PROTEIN,Homo sapiens,1590,2688,9606,FALSE
CHEMBL4523690,Protein cereblon/MAP2K2,P36507|Q96SW2,PROTEIN-PROTEIN INTERACTION,Homo sapiens,9,15,9606,FALSE
CHEMBL2095217,Fibroblast growth factor receptor,P22607|P11362|P22455|P21802,PROTEIN FAMILY,Homo sapiens,245,317,9606,FALSE
CHEMBL3883308,Axin-1/Casein kinase I epsilon,P49674|O15169,PROTEIN-PROTEIN INTERACTION,Homo sapiens,1,1,9606,FALSE
CHEMBL5785,"Interferon-induced, double-stranded RNA-activated protein kinase",P19525,SINGLE PROTEIN,Homo sapiens,390,450,9606,FALSE
CHEMBL3038474,CDK8/Cyclin C,P49336|P24863,PROTEIN COMPLEX,Homo sapiens,754,903,9606,FALSE
CHEMBL5084,Casein kinase I isoform gamma-3,Q9Y6M4,SINGLE PROTEIN,Homo sapiens,1641,2406,9606,FALSE
CHEMBL5415,Serine/threonine-protein kinase SRPK3,Q9UPE1,SINGLE PROTEIN,Homo sapiens,842,1410,9606,FALSE
CHEMBL6082,Serine/threonine-protein kinase SIK1,P57059,SINGLE PROTEIN,Homo sapiens,834,1431,9606,FALSE
CHEMBL1163124,Mitogen-activated protein kinase kinase kinase 13,O43283,SINGLE PROTEIN,Homo sapiens,224,234,9606,FALSE
CHEMBL3024,Serine/threonine-protein kinase PLK1,P53350,SINGLE PROTEIN,Homo sapiens,26983,28420,9606,FALSE
CHEMBL6083,Receptor-interacting serine/threonine-protein kinase 4,P57078,SINGLE PROTEIN,Homo sapiens,230,239,9606,FALSE
CHEMBL4040,MAP kinase ERK2,P28482,SINGLE PROTEIN,Homo sapiens,20847,24270,9606,FALSE
CHEMBL2527,Serine/threonine-protein kinase Chk2,O96017,SINGLE PROTEIN,Homo sapiens,2727,3955,9606,FALSE
CHEMBL4627,Myosin light chain kinase,Q32MK0,SINGLE PROTEIN,Homo sapiens,417,473,9606,FALSE
CHEMBL4523697,Protein cereblon/CDK9,P50750|Q96SW2,PROTEIN-PROTEIN INTERACTION,Homo sapiens,48,105,9606,FALSE
CHEMBL1075166,Beta-adrenergic receptor kinase 2,P35626,SINGLE PROTEIN,Homo sapiens,229,249,9606,FALSE
CHEMBL5789,Cyclin-dependent kinase-like 1,Q00532,SINGLE PROTEIN,Homo sapiens,372,385,9606,FALSE
CHEMBL6162,Serine/threonine-protein kinase PFTAIRE-1,O94921,SINGLE PROTEIN,Homo sapiens,272,326,9606,FALSE
CHEMBL4483,Activator of S phase kinase DBF4,Q9UBU7,SINGLE PROTEIN,Homo sapiens,1,1,9606,FALSE
CHEMBL3973,Fibroblast growth factor receptor 4,P22455,SINGLE PROTEIN,Homo sapiens,2236,3356,9606,FALSE
CHEMBL5600,Serine/threonine-protein kinase c-TAK1,P27448,SINGLE PROTEIN,Homo sapiens,1860,2484,9606,FALSE
CHEMBL4121,CaM kinase II beta,Q13554,SINGLE PROTEIN,Homo sapiens,1222,1589,9606,FALSE
CHEMBL4523747,EGFR/PPP1CA,P00533|P62136,PROTEIN-PROTEIN INTERACTION,Homo sapiens,1,1,9606,FALSE
CHEMBL5819,Serine/threonine-protein kinase Nek4,P51957,SINGLE PROTEIN,Homo sapiens,867,909,9606,FALSE
CHEMBL2803,Tyrosine-protein kinase ZAP-70,P43403,SINGLE PROTEIN,Homo sapiens,1492,2181,9606,FALSE
CHEMBL2897,Dual specificity mitogen-activated protein kinase kinase 4,P45985,SINGLE PROTEIN,Homo sapiens,582,946,9606,FALSE
CHEMBL2428,"Myosin light chain kinase, smooth muscle",Q15746,SINGLE PROTEIN,Homo sapiens,846,1265,9606,FALSE
CHEMBL4523741,VHL/Focal adhesion kinase 1,Q05397|P40337,PROTEIN-PROTEIN INTERACTION,Homo sapiens,9,46,9606,FALSE
CHEMBL3885504,5'-AMP-activated protein kinase catalytic subunit alpha-2/beta-1/gamma-2,P54646|Q9UGJ0|Q9Y478,PROTEIN COMPLEX,Homo sapiens,4,6,9606,FALSE
CHEMBL6167,Serine/threonine-protein kinase LATS1,O95835,SINGLE PROTEIN,Homo sapiens,737,872,9606,FALSE
CHEMBL4247,ALK tyrosine kinase receptor,Q9UM73,SINGLE PROTEIN,Homo sapiens,3881,6652,9606,FALSE
CHEMBL3885539,Casein kinase I isoform alpha/subunit beta,P67870|P48729,PROTEIN COMPLEX,Homo sapiens,18,18,9606,FALSE
CHEMBL5579,Citron Rho-interacting kinase,O14578,SINGLE PROTEIN,Homo sapiens,459,561,9606,FALSE
CHEMBL4375,Serine/threonine-protein kinase SRPK1,Q96SB4,SINGLE PROTEIN,Homo sapiens,1604,2302,9606,FALSE
CHEMBL3301392,JAK2/TYK2,O60674|P29597,PROTEIN COMPLEX,Homo sapiens,38,53,9606,FALSE
CHEMBL3038491,JAK3/JAK1,P52333|P23458,PROTEIN COMPLEX,Homo sapiens,161,214,9606,FALSE
CHEMBL3956,Mitogen-activated protein kinase kinase kinase 1,Q13233,SINGLE PROTEIN,Homo sapiens,505,583,9606,FALSE
CHEMBL2742,Fibroblast growth factor receptor 3,P22607,SINGLE PROTEIN,Homo sapiens,4143,6842,9606,FALSE
CHEMBL5443,Cell division cycle 7-related protein kinase,O00311,SINGLE PROTEIN,Homo sapiens,1220,1382,9606,FALSE
CHEMBL3430911,Serine/threonine-protein kinase Aurora,Q96GD4|Q9UQB9|O14965,PROTEIN FAMILY,Homo sapiens,2,2,9606,FALSE
CHEMBL5316,Serine/threonine-protein kinase PCTAIRE-3,Q07002,SINGLE PROTEIN,Homo sapiens,267,324,9606,FALSE
CHEMBL5940,Serine/threonine-protein kinase MARK1,Q9P0L2,SINGLE PROTEIN,Homo sapiens,1000,1631,9606,FALSE
CHEMBL5607,Rhodopsin kinase,Q15835,SINGLE PROTEIN,Homo sapiens,343,358,9606,FALSE
CHEMBL4014,Tyrosine-protein kinase ABL2,P42684,SINGLE PROTEIN,Homo sapiens,1114,1842,9606,FALSE
CHEMBL3883303,Aurora kinase A/B,Q96GD4|O14965,PROTEIN FAMILY,Homo sapiens,31,33,9606,FALSE
CHEMBL4147,CaM kinase II alpha,Q9UQM7,SINGLE PROTEIN,Homo sapiens,1339,1882,9606,FALSE
CHEMBL5251,Tyrosine-protein kinase BTK,Q06187,SINGLE PROTEIN,Homo sapiens,5303,8188,9606,FALSE
CHEMBL5638,Serine/threonine-protein kinase Nek11,Q8NG66,SINGLE PROTEIN,Homo sapiens,410,590,9606,FALSE
CHEMBL5435,Serine/threonine-protein kinase ULK2,Q8IYT8,SINGLE PROTEIN,Homo sapiens,451,640,9606,FALSE
CHEMBL5518,Misshapen-like kinase 1,Q8N4C8,SINGLE PROTEIN,Homo sapiens,1657,2323,9606,FALSE
CHEMBL4600,Serine/threonine-protein kinase PAK 1,Q13153,SINGLE PROTEIN,Homo sapiens,1870,2522,9606,FALSE
CHEMBL2007,Platelet-derived growth factor receptor alpha,P16234,SINGLE PROTEIN,Homo sapiens,2239,5535,9606,FALSE
CHEMBL4376,Dual-specificity tyrosine-phosphorylation regulated kinase 2,Q92630,SINGLE PROTEIN,Homo sapiens,1254,1889,9606,FALSE
CHEMBL1907602,Cyclin-dependent kinase 1/cyclin B1,P06493|P14635,PROTEIN COMPLEX,Homo sapiens,1481,1883,9606,FALSE
CHEMBL2637,c-Jun N-terminal kinase 3,P53779,SINGLE PROTEIN,Homo sapiens,2560,3239,9606,FALSE
CHEMBL5912,Serine/threonine-protein kinase 32B,Q9NY57,SINGLE PROTEIN,Homo sapiens,288,334,9606,FALSE
CHEMBL5257,Serine/threonine-protein kinase NEK9,Q8TD19,SINGLE PROTEIN,Homo sapiens,904,1417,9606,FALSE
CHEMBL2964,Dual specificity mitogen-activated protein kinase kinase 2,P36507,SINGLE PROTEIN,Homo sapiens,1009,1238,9606,FALSE
CHEMBL3981,Serine/threonine-protein kinase 10,O94804,SINGLE PROTEIN,Homo sapiens,1293,2077,9606,FALSE
CHEMBL5358,Eukaryotic translation initiation factor 2-alpha kinase 4,Q9P2K8,SINGLE PROTEIN,Homo sapiens,329,384,9606,FALSE
CHEMBL5469,Protein tyrosine kinase 2 beta,Q14289,SINGLE PROTEIN,Homo sapiens,2061,2820,9606,FALSE
CHEMBL4954,Ephrin type-A receptor 3,P29320,SINGLE PROTEIN,Homo sapiens,935,1575,9606,FALSE
CHEMBL1075104,Leucine-rich repeat serine/threonine-protein kinase 2,Q5S007,SINGLE PROTEIN,Homo sapiens,2913,5767,9606,FALSE
CHEMBL3883330,EML4-ALK ,Q9UM73|Q9HC35,CHIMERIC PROTEIN,Homo sapiens,126,350,9606,FALSE
CHEMBL4849,Serine/threonine-protein kinase NEK7,Q8TDX7,SINGLE PROTEIN,Homo sapiens,1007,1706,9606,FALSE
CHEMBL5608,NT-3 growth factor receptor,Q16288,SINGLE PROTEIN,Homo sapiens,1719,2261,9606,FALSE
CHEMBL3038492,JAK2/JAK1,P23458|O60674,PROTEIN COMPLEX,Homo sapiens,51,78,9606,FALSE
CHEMBL5719,Cell division protein kinase 8,P49336,SINGLE PROTEIN,Homo sapiens,1057,1274,9606,FALSE
CHEMBL4523637,CDK17/Cyclin-Y,Q00537|Q8ND76,PROTEIN COMPLEX,Homo sapiens,20,22,9606,FALSE
CHEMBL6151,Serine/threonine-protein kinase 31,Q9BXU1,SINGLE PROTEIN,Homo sapiens,1,1,9606,FALSE
CHEMBL3885599,LIM domain kinase 1/2,P53671|P53667,PROTEIN FAMILY,Homo sapiens,2,3,9606,FALSE
CHEMBL2634,Tyrosine-protein kinase CSK,P41240,SINGLE PROTEIN,Homo sapiens,1561,2387,9606,FALSE
CHEMBL3797,Serine-protein kinase ATM,Q13315,SINGLE PROTEIN,Homo sapiens,3660,4114,9606,FALSE
CHEMBL4246,Tyrosine-protein kinase TEC,P42680,SINGLE PROTEIN,Homo sapiens,1104,1806,9606,FALSE
CHEMBL5261,Serine/threonine-protein kinase TAO1,Q7L7X3,SINGLE PROTEIN,Homo sapiens,1583,2006,9606,FALSE
CHEMBL6191,SPS1/STE20-related protein kinase YSK4,Q56UN5,SINGLE PROTEIN,Homo sapiens,253,270,9606,FALSE
CHEMBL3885645,Transcription factor ETV6/Tyrosine-protein kinase ABL1,P00519|P41212,CHIMERIC PROTEIN,Homo sapiens,41,41,9606,FALSE
CHEMBL4523736,VHL/Tyrosine-protein kinase ABL2,P42684|P40337,PROTEIN-PROTEIN INTERACTION,Homo sapiens,1,1,9606,FALSE
CHEMBL3983,Dual specificity protein kinase TTK,P33981,SINGLE PROTEIN,Homo sapiens,2038,2920,9606,FALSE
CHEMBL4204,MAP kinase signal-integrating kinase 2,Q9HBH9,SINGLE PROTEIN,Homo sapiens,2500,3399,9606,FALSE
CHEMBL4630731,Protein cereblon/Stem cell growth factor receptor,P10721|Q96SW2,PROTEIN-PROTEIN INTERACTION,Homo sapiens,1,1,9606,FALSE
CHEMBL5122,Discoidin domain-containing receptor 2,Q16832,SINGLE PROTEIN,Homo sapiens,1317,2174,9606,FALSE
CHEMBL3038453,AMPK alpha1/beta2/gamma1,O43741|P54619|Q13131,PROTEIN COMPLEX,Homo sapiens,23,35,9606,FALSE
CHEMBL4523740,VHL/MAP2K1,Q02750|P40337,PROTEIN-PROTEIN INTERACTION,Homo sapiens,12,57,9606,FALSE
CHEMBL3038500,MAST1/MAST2,Q9Y2H9|Q6P0Q8,PROTEIN FAMILY,Homo sapiens,6,6,9606,FALSE
CHEMBL4523751,VHL/BCR-ABL1,P00519|P11274|P40337,PROTEIN-PROTEIN INTERACTION,Homo sapiens,27,61,9606,FALSE
CHEMBL4296139,von Hippel-Lindau disease tumor suppressor/Receptor-interacting serine/threonine-protein kinase 2,O43353|P40337,PROTEIN-PROTEIN INTERACTION,Homo sapiens,3,10,9606,FALSE
CHEMBL5024,Serine-protein kinase ATR,Q13535,SINGLE PROTEIN,Homo sapiens,653,922,9606,FALSE
CHEMBL4630748,Baculoviral IAP repeat-containing protein 2/Cyclin-dependent kinase 4,P11802|Q13490,PROTEIN-PROTEIN INTERACTION,Homo sapiens,3,5,9606,FALSE
CHEMBL4630753,Cyclin-dependent kinase 12/13,Q14004|Q9NYV4,PROTEIN FAMILY,Homo sapiens,40,66,9606,FALSE
CHEMBL2111459,Rho-associated protein kinase,O75116|Q13464,PROTEIN FAMILY,Homo sapiens,126,137,9606,FALSE
CHEMBL3885616,"Phosphatidylinositol 4,5-bisphosphate 3-kinase catalytic subunit alpha isoform/[Pyruvate dehydrogenase (acetyl-transferring)] kinase isozyme 1, mitochondrial",P42336|Q15118,PROTEIN FAMILY,Homo sapiens,16,16,9606,FALSE
CHEMBL3886,Mixed lineage kinase 7,Q9NYL2,SINGLE PROTEIN,Homo sapiens,1276,1441,9606,FALSE
CHEMBL4367,Tyrosine-protein kinase TXK,P42681,SINGLE PROTEIN,Homo sapiens,934,1549,9606,FALSE
CHEMBL4487,Serine/threonine-protein kinase PAK 2,Q13177,SINGLE PROTEIN,Homo sapiens,1217,1912,9606,FALSE
CHEMBL4237,Ribosomal protein S6 kinase alpha 5,O75582,SINGLE PROTEIN,Homo sapiens,2042,3181,9606,FALSE
CHEMBL3984,Tyrosine- and threonine-specific cdc2-inhibitory kinase,Q99640,SINGLE PROTEIN,Homo sapiens,514,836,9606,FALSE
CHEMBL4523703,Protein cereblon/MAP2K1,Q02750|Q96SW2,PROTEIN-PROTEIN INTERACTION,Homo sapiens,9,15,9606,FALSE
CHEMBL2417352,Microtubule-associated serine/threonine-protein kinase 3,O60307,SINGLE PROTEIN,Homo sapiens,30,49,9606,FALSE
CHEMBL4630751,E3 ubiquitin-protein ligase XIAP/JAK1,P23458|P98170,PROTEIN-PROTEIN INTERACTION,Homo sapiens,8,19,9606,FALSE
CHEMBL2999,Serine/threonine-protein kinase PAK 3,O75914,SINGLE PROTEIN,Homo sapiens,882,1508,9606,FALSE
CHEMBL4630759,TEL/KDR,P35968|P41212,CHIMERIC PROTEIN,Homo sapiens,9,9,9606,FALSE
CHEMBL2096667,"c-Jun N-terminal kinase, JNK",P45983|P53779|P45984,PROTEIN FAMILY,Homo sapiens,547,675,9606,FALSE
CHEMBL2343,Serine/threonine-protein kinase Sgk1,O00141,SINGLE PROTEIN,Homo sapiens,1458,2336,9606,FALSE
CHEMBL1795199,Receptor-interacting serine/threonine-protein kinase 3,Q9Y572,SINGLE PROTEIN,Homo sapiens,390,427,9606,FALSE
CHEMBL4574,BR serine/threonine-protein kinase 2,Q8IWQ3,SINGLE PROTEIN,Homo sapiens,925,1559,9606,FALSE
CHEMBL4311,Serine/threonine-protein kinase PAK6,Q9NQU5,SINGLE PROTEIN,Homo sapiens,1137,1913,9606,FALSE
CHEMBL5642,Activin receptor type-1C,Q8NER5,SINGLE PROTEIN,Homo sapiens,17,35,9606,FALSE
CHEMBL5311,Serine/threonine-protein kinase receptor R3,P37023,SINGLE PROTEIN,Homo sapiens,419,500,9606,FALSE
CHEMBL4296119,Baculoviral IAP repeat-containing protein 2/BCR/ABL,P00519|P11274|Q13490,PROTEIN-PROTEIN INTERACTION,Homo sapiens,7,34,9606,FALSE
CHEMBL3906,Ribosomal protein S6 kinase alpha 2,Q15349,SINGLE PROTEIN,Homo sapiens,1240,2174,9606,FALSE
CHEMBL3616,Protein kinase C eta,P24723,SINGLE PROTEIN,Homo sapiens,1146,1846,9606,FALSE
CHEMBL4630733,Protein cereblon/Platelet-derived growth factor receptor alpha,P16234|Q96SW2,PROTEIN-PROTEIN INTERACTION,Homo sapiens,1,1,9606,FALSE
CHEMBL4523739,VHL/CDK6,Q00534|P40337,PROTEIN-PROTEIN INTERACTION,Homo sapiens,13,28,9606,FALSE
CHEMBL5407,Serine/threonine-protein kinase PIM3,Q86V86,SINGLE PROTEIN,Homo sapiens,3068,4092,9606,FALSE
CHEMBL3883298,Inhibitor of NF-kappa-B kinase alpha/beta,O14920|O15111,PROTEIN COMPLEX,Homo sapiens,17,19,9606,FALSE
CHEMBL3788,Serine/threonine-protein kinase PLK4,O00444,SINGLE PROTEIN,Homo sapiens,1550,1784,9606,FALSE
CHEMBL2426,Casein kinase I gamma 1,Q9HCP0,SINGLE PROTEIN,Homo sapiens,1702,2494,9606,FALSE
CHEMBL5552,Serine/threonine-protein kinase 25,O00506,SINGLE PROTEIN,Homo sapiens,488,564,9606,FALSE
CHEMBL4853,Mitogen-activated protein kinase kinase kinase 4,Q9Y6R4,SINGLE PROTEIN,Homo sapiens,465,591,9606,FALSE
CHEMBL2096907,"AMP-activated protein kinase, AMPK",P54646|O43741|P54619|Q9UGJ0|Q9Y478|Q13131|Q9UGI9,PROTEIN COMPLEX GROUP,Homo sapiens,11631,12190,9606,FALSE
CHEMBL5667,Phosphatidylinositol-5-phosphate 4-kinase type-2 beta,P78356,SINGLE PROTEIN,Homo sapiens,325,380,9606,FALSE
CHEMBL5568,Proto-oncogene tyrosine-protein kinase ROS,P08922,SINGLE PROTEIN,Homo sapiens,1651,2418,9606,FALSE
CHEMBL4575,Dual-specificity tyrosine-phosphorylation regulated kinase 3,O43781,SINGLE PROTEIN,Homo sapiens,832,891,9606,FALSE
CHEMBL3038454,AMPK alpha1/alpha2,P54646|Q13131,PROTEIN COMPLEX,Homo sapiens,12,12,9606,FALSE
CHEMBL3938,Serine/threonine-protein kinase 16,O75716,SINGLE PROTEIN,Homo sapiens,725,900,9606,FALSE
CHEMBL4524,Serine/threonine-protein kinase PAK7,Q9P286,SINGLE PROTEIN,Homo sapiens,1021,1758,9606,FALSE
CHEMBL4630740,VHL/Tyrosine-protein kinase BTK,Q06187|P40337,PROTEIN-PROTEIN INTERACTION,Homo sapiens,3,5,9606,FALSE
CHEMBL3863,Protein kinase C mu,Q15139,SINGLE PROTEIN,Homo sapiens,1131,1886,9606,FALSE
CHEMBL4523731,VHL/KIT,P10721|P40337,PROTEIN-PROTEIN INTERACTION,Homo sapiens,1,1,9606,FALSE
CHEMBL3430888,Kinesin-1 heavy chain/ Tyrosine-protein kinase receptor RET,P07949|P33176,CHIMERIC PROTEIN,Homo sapiens,141,149,9606,FALSE
CHEMBL3430900,Interferon-induced guanylate-binding protein 1/Serine/threonine-protein kinase pim-1,P11309|P32455,PROTEIN-PROTEIN INTERACTION,Homo sapiens,44,47,9606,FALSE
CHEMBL4142,Fibroblast growth factor receptor 2,P21802,SINGLE PROTEIN,Homo sapiens,2275,3150,9606,FALSE
CHEMBL4523733,VHL/SRC,P12931|P40337,PROTEIN-PROTEIN INTERACTION,Homo sapiens,1,1,9606,FALSE
CHEMBL4630728,Protein cereblon/Tyrosine-protein kinase SRC,P12931|Q96SW2,PROTEIN-PROTEIN INTERACTION,Homo sapiens,2,2,9606,FALSE
CHEMBL2094138,cAMP-dependent protein kinase (PKA),P22694|P17612|P22612,PROTEIN FAMILY,Homo sapiens,787,863,9606,FALSE
CHEMBL3885636,Serine/threonine-protein kinase PAK 1/PAK 2,Q13177|Q13153,PROTEIN FAMILY,Homo sapiens,18,18,9606,FALSE
CHEMBL2375201,Tyrosine-protein kinase transmembrane receptor ROR2,Q01974,SINGLE PROTEIN,Homo sapiens,1,1,9606,FALSE
CHEMBL3836,LIM domain kinase 1,P53667,SINGLE PROTEIN,Homo sapiens,1673,2158,9606,FALSE
CHEMBL3883309,Axin-1/Glycogen synthase kinase-3 beta,P49841|O15169,PROTEIN-PROTEIN INTERACTION,Homo sapiens,1,1,9606,FALSE
CHEMBL3832633,Ribosomal protein S6 kinase,P51812|Q9UBS0|O75676|Q15349|O75582|P23443|Q9UK32|Q15418,PROTEIN FAMILY,Homo sapiens,73,115,9606,FALSE
CHEMBL1075167,Homeodomain-interacting protein kinase 4,Q8NE63,SINGLE PROTEIN,Homo sapiens,1267,1710,9606,FALSE
CHEMBL5543,Dual specificity tyrosine-phosphorylation-regulated kinase 1B,Q9Y463,SINGLE PROTEIN,Homo sapiens,1738,2408,9606,FALSE
CHEMBL6014,Testis-specific serine/threonine-protein kinase 2,Q96PF2,SINGLE PROTEIN,Homo sapiens,1157,1719,9606,FALSE
CHEMBL3301385,Cyclin-dependent kinase 4/cyclin D2,P11802|P30279,PROTEIN COMPLEX,Homo sapiens,2,2,9606,FALSE
CHEMBL3038499,TAK1/TAB1,Q15750|O43318,PROTEIN COMPLEX,Homo sapiens,252,257,9606,FALSE
CHEMBL5699,Serine/threonine-protein kinase SIK2,Q9H0K1,SINGLE PROTEIN,Homo sapiens,914,1435,9606,FALSE
CHEMBL2095227,Vascular endothelial growth factor receptor,P17948|P35916|P35968,PROTEIN FAMILY,Homo sapiens,275,287,9606,FALSE
CHEMBL1075133,G protein-coupled receptor kinase 7,Q8WTQ7,SINGLE PROTEIN,Homo sapiens,806,1360,9606,FALSE
CHEMBL2096620,"Protein kinase C, PKC; classical/novel",O94806|P17252|P05129|Q05655|P05771|Q02156|P24723|Q15139|Q04759,PROTEIN FAMILY,Homo sapiens,68,71,9606,FALSE
CHEMBL4523686,Protein cereblon/Cyclin-dependent kinase 4,P11802|Q96SW2,PROTEIN-PROTEIN INTERACTION,Homo sapiens,32,63,9606,FALSE
CHEMBL3234,Tyrosine-protein kinase HCK,P08631,SINGLE PROTEIN,Homo sapiens,1612,2734,9606,FALSE
CHEMBL4296115,Cyclin-dependent kinase 14/Cyclin-Y,O94921|Q8ND76,PROTEIN COMPLEX,Homo sapiens,130,135,9606,FALSE
CHEMBL4523742,VHL/IRAK4,Q9NWZ3|P40337,PROTEIN-PROTEIN INTERACTION,Homo sapiens,11,32,9606,FALSE
CHEMBL5749,Mitogen-activated protein kinase kinase kinase kinase 1,Q92918,SINGLE PROTEIN,Homo sapiens,621,776,9606,FALSE
CHEMBL3885630,Ras and Rab interactor 1/Tyrosine-protein kinase ABL1,P00519|Q13671,PROTEIN-PROTEIN INTERACTION,Homo sapiens,230,230,9606,FALSE
CHEMBL2896,cGMP-dependent protein kinase 2,Q13237,SINGLE PROTEIN,Homo sapiens,1157,1610,9606,FALSE
CHEMBL2973,Rho-associated protein kinase 2,O75116,SINGLE PROTEIN,Homo sapiens,4505,6007,9606,FALSE
CHEMBL4296165,Cereblon/NPM/ALK,Q9UM73|P06748|Q96SW2,PROTEIN-PROTEIN INTERACTION,Homo sapiens,5,21,9606,FALSE
CHEMBL5052,Serine/threonine-protein kinase MRCK beta,Q9Y5S2,SINGLE PROTEIN,Homo sapiens,1010,1668,9606,FALSE
CHEMBL5790,Serine/threonine-protein kinase PCTAIRE-2,Q00537,SINGLE PROTEIN,Homo sapiens,411,506,9606,FALSE
CHEMBL2097164,CaM kinase II,Q13557|Q13555|Q13554|Q9UQM7,PROTEIN FAMILY,Homo sapiens,142,149,9606,FALSE
CHEMBL1075184,Proto-oncogene serine/threonine-protein kinase mos,P00540,SINGLE PROTEIN,Homo sapiens,2,2,9606,FALSE
CHEMBL3038452,AMPK alpha1/beta1/gamma3,Q9Y478|Q13131|Q9UGI9,PROTEIN COMPLEX,Homo sapiens,4,5,9606,FALSE
CHEMBL6055,Serine/threonine-protein kinase WNK3,Q9BYP7,SINGLE PROTEIN,Homo sapiens,348,526,9606,FALSE
CHEMBL5047,Serine/threonine-protein kinase ULK3,Q6PHR2,SINGLE PROTEIN,Homo sapiens,632,877,9606,FALSE
CHEMBL3885550,Cyclin-Y/Cyclin-dependent kinase 16,Q00536|Q8ND76,PROTEIN COMPLEX,Homo sapiens,34,36,9606,FALSE
CHEMBL3038470,CDK2/Cyclin A1,P24941|P78396,PROTEIN COMPLEX,Homo sapiens,153,168,9606,FALSE
CHEMBL4680046,CD74-ROS1,P04233|P08922,CHIMERIC PROTEIN,Homo sapiens,2,3,9606,FALSE
CHEMBL3111,Ribosomal protein S6 kinase 2,Q9UBS0,SINGLE PROTEIN,Homo sapiens,84,100,9606,FALSE
CHEMBL5331,Proto-oncogene tyrosine-protein kinase MER,Q12866,SINGLE PROTEIN,Homo sapiens,1451,2635,9606,FALSE
CHEMBL4879537,Cereblon/ALK tyrosine kinase receptor,Q9UM73|Q96SW2,PROTEIN-PROTEIN INTERACTION,Homo sapiens,6,44,9606,FALSE
CHEMBL5639,Serine/threonine-protein kinase WNK2,Q9Y3S1,SINGLE PROTEIN,Homo sapiens,378,564,9606,FALSE
CHEMBL2793,Casein kinase I alpha,P48729,SINGLE PROTEIN,Homo sapiens,2000,2566,9606,FALSE
CHEMBL5026,Serine/threonine-protein kinase EEF2K,O00418,SINGLE PROTEIN,Homo sapiens,934,1196,9606,FALSE
CHEMBL4670,MAP kinase-activated protein kinase 3,Q16644,SINGLE PROTEIN,Homo sapiens,1563,2201,9606,FALSE
CHEMBL3650,Fibroblast growth factor receptor 1,P11362,SINGLE PROTEIN,Homo sapiens,5962,8694,9606,FALSE
CHEMBL2815,Nerve growth factor receptor Trk-A,P04629,SINGLE PROTEIN,Homo sapiens,5476,7402,9606,FALSE
CHEMBL3530,Dual specificity mitogen-activated protein kinase kinase 7,O14733,SINGLE PROTEIN,Homo sapiens,799,1002,9606,FALSE
CHEMBL2111414,Tyrosine-protein kinase ABL,P00519|P42684,PROTEIN FAMILY,Homo sapiens,160,162,9606,FALSE
CHEMBL2073,Tyrosine-protein kinase YES,P07947,SINGLE PROTEIN,Homo sapiens,1664,2755,9606,FALSE
CHEMBL3094,MAP kinase-activated protein kinase 5,Q8IW41,SINGLE PROTEIN,Homo sapiens,1993,2823,9606,FALSE
CHEMBL2111455,CDK6/cyclin D1,P24385|Q00534,PROTEIN COMPLEX,Homo sapiens,169,222,9606,FALSE
CHEMBL4523610,Casein kinase I isoform alpha/delta,P48730|P48729,PROTEIN FAMILY,Homo sapiens,20,40,9606,FALSE
CHEMBL2417351,Microtubule-associated serine/threonine-protein kinase 4,O15021,SINGLE PROTEIN,Homo sapiens,9,9,9606,FALSE
CHEMBL279,Vascular endothelial growth factor receptor 2,P35968,SINGLE PROTEIN,Homo sapiens,13825,19716,9606,FALSE
CHEMBL1913,Platelet-derived growth factor receptor beta,P09619,SINGLE PROTEIN,Homo sapiens,3466,5015,9606,FALSE
CHEMBL262,Glycogen synthase kinase-3 beta,P49841,SINGLE PROTEIN,Homo sapiens,7760,10569,9606,FALSE
CHEMBL4128,Tyrosine-protein kinase TIE-2,Q02763,SINGLE PROTEIN,Homo sapiens,2276,3315,9606,FALSE
CHEMBL1981,Insulin receptor,P06213,SINGLE PROTEIN,Homo sapiens,3890,5526,9606,FALSE
CHEMBL2431,Serine/threonine-protein kinase AKT2,P31751,SINGLE PROTEIN,Homo sapiens,3174,4213,9606,FALSE
CHEMBL308,Cyclin-dependent kinase 1,P06493,SINGLE PROTEIN,Homo sapiens,3122,3834,9606,FALSE
CHEMBL1991,Inhibitor of nuclear factor kappa B kinase beta subunit,O14920,SINGLE PROTEIN,Homo sapiens,3475,5534,9606,FALSE
CHEMBL4601,Tyrosine-protein kinase BRK,Q13882,SINGLE PROTEIN,Homo sapiens,1746,2596,9606,FALSE
CHEMBL1841,Tyrosine-protein kinase FYN,P06241,SINGLE PROTEIN,Homo sapiens,3444,5288,9606,FALSE
CHEMBL2094126,Cyclin-dependent kinase 2/cyclin E,P24864|P24941|O96020,PROTEIN COMPLEX,Homo sapiens,1076,1318,9606,FALSE
CHEMBL2094128,Cyclin-dependent kinase 2/cyclin A,P24941|P20248|P78396,PROTEIN COMPLEX,Homo sapiens,1841,2166,9606,FALSE
CHEMBL4630,Serine/threonine-protein kinase Chk1,O14757,SINGLE PROTEIN,Homo sapiens,5080,6802,9606,FALSE
CHEMBL4036,Cyclin-dependent kinase 5,Q00535,SINGLE PROTEIN,Homo sapiens,2326,2980,9606,FALSE
CHEMBL1936,Stem cell growth factor receptor,P10721,SINGLE PROTEIN,Homo sapiens,3909,10583,9606,FALSE
CHEMBL2093867,Protein kinase C (PKC),O94806|P41743|P17252|P05129|Q05655|P05771|Q05513|Q02156|P24723|Q15139|Q04759,PROTEIN FAMILY,Homo sapiens,668,992,9606,FALSE
CHEMBL1824,Receptor protein-tyrosine kinase erbB-2,P04626,SINGLE PROTEIN,Homo sapiens,5357,7504,9606,FALSE
CHEMBL2111431,Epidermal growth factor receptor and ErbB2 (HER1 and HER2),P04626|P00533,PROTEIN FAMILY,Homo sapiens,166,182,9606,FALSE
CHEMBL2095191,Casein kinase II,P67870|P68400|P19784,PROTEIN COMPLEX GROUP,Homo sapiens,916,1406,9606,FALSE
CHEMBL2292,Dual-specificity tyrosine-phosphorylation regulated kinase 1A,Q13627,SINGLE PROTEIN,Homo sapiens,4444,5836,9606,FALSE
CHEMBL3529,Inhibitor of nuclear factor kappa B kinase epsilon subunit,Q14164,SINGLE PROTEIN,Homo sapiens,1989,3302,9606,FALSE
CHEMBL3142,DNA-dependent protein kinase,P78527,SINGLE PROTEIN,Homo sapiens,1601,1837,9606,FALSE
CHEMBL4516,Serine/threonine-protein kinase MRCK-A,Q5VT25,SINGLE PROTEIN,Homo sapiens,1786,2498,9606,FALSE
CHEMBL3009,Receptor protein-tyrosine kinase erbB-4,Q15303,SINGLE PROTEIN,Homo sapiens,1980,2702,9606,FALSE
CHEMBL331,Cyclin-dependent kinase 4,P11802,SINGLE PROTEIN,Homo sapiens,1984,2681,9606,FALSE
CHEMBL3587,Dual specificity mitogen-activated protein kinase kinase 1,Q02750,SINGLE PROTEIN,Homo sapiens,2829,4052,9606,FALSE
CHEMBL2534,3-phosphoinositide dependent protein kinase-1,O15530,SINGLE PROTEIN,Homo sapiens,2835,3755,9606,FALSE
CHEMBL301,Cyclin-dependent kinase 2,P24941,SINGLE PROTEIN,Homo sapiens,5710,8118,9606,FALSE
CHEMBL4501,Ribosomal protein S6 kinase 1,P23443,SINGLE PROTEIN,Homo sapiens,3571,4432,9606,FALSE
CHEMBL2094115,MAP kinase p38,O15264|Q15759|Q16539|P53778,PROTEIN FAMILY,Homo sapiens,1035,1573,9606,FALSE
CHEMBL4897,Serine/threonine-protein kinase PLK3,Q9H4B4,SINGLE PROTEIN,Homo sapiens,1549,1869,9606,FALSE
CHEMBL3476,Inhibitor of nuclear factor kappa B kinase alpha subunit,O15111,SINGLE PROTEIN,Homo sapiens,1807,3163,9606,FALSE
CHEMBL1957,Insulin-like growth factor I receptor,P08069,SINGLE PROTEIN,Homo sapiens,5619,8558,9606,FALSE
CHEMBL1906,Serine/threonine-protein kinase RAF,P04049,SINGLE PROTEIN,Homo sapiens,3094,4087,9606,FALSE
CHEMBL2148,Tyrosine-protein kinase JAK3,P52333,SINGLE PROTEIN,Homo sapiens,6304,7892,9606,FALSE
CHEMBL4439,TGF-beta receptor type I,P36897,SINGLE PROTEIN,Homo sapiens,1963,3618,9606,FALSE
CHEMBL4179,c-Jun N-terminal kinase 2,P45984,SINGLE PROTEIN,Homo sapiens,3528,4582,9606,FALSE
CHEMBL2345,Ribosomal protein S6 kinase alpha 3,P51812,SINGLE PROTEIN,Homo sapiens,2798,4244,9606,FALSE
CHEMBL1862,Tyrosine-protein kinase ABL,P00519,SINGLE PROTEIN,Homo sapiens,6164,17297,9606,FALSE
CHEMBL3231,Rho-associated protein kinase 1,Q13464,SINGLE PROTEIN,Homo sapiens,3559,4612,9606,FALSE
CHEMBL3835,Serine/threonine-protein kinase NEK2,P51955,SINGLE PROTEIN,Homo sapiens,2411,3375,9606,FALSE
CHEMBL2147,Serine/threonine-protein kinase PIM1,P11309,SINGLE PROTEIN,Homo sapiens,7192,9424,9606,FALSE
CHEMBL2095188,Glycogen synthase kinase-3,P49840|P49841,PROTEIN FAMILY,Homo sapiens,655,720,9606,FALSE
CHEMBL4296662,mTOR/FKBP12A/FKBP12B,P62942|P68106|P42345,PROTEIN COMPLEX,Homo sapiens,11,16,9606,FALSE
CHEMBL2850,Glycogen synthase kinase-3 alpha,P49840,SINGLE PROTEIN,Homo sapiens,2701,3672,9606,FALSE
CHEMBL4899,Mitogen-activated protein kinase kinase kinase 8,P41279,SINGLE PROTEIN,Homo sapiens,392,453,9606,FALSE
CHEMBL1868,Vascular endothelial growth factor receptor 1,P17948,SINGLE PROTEIN,Homo sapiens,4122,6190,9606,FALSE
CHEMBL5145,Serine/threonine-protein kinase B-raf,P15056,SINGLE PROTEIN,Homo sapiens,6592,11339,9606,FALSE
CHEMBL3834,Tyrosine-protein kinase BMX,P51813,SINGLE PROTEIN,Homo sapiens,1132,1899,9606,FALSE
CHEMBL2842,Serine/threonine-protein kinase mTOR,P42345,SINGLE PROTEIN,Homo sapiens,9081,13589,9606,FALSE
CHEMBL2939,MAP kinase p38 delta,O15264,SINGLE PROTEIN,Homo sapiens,1855,2559,9606,FALSE
